-1989,-445
-1679,-93
173,-511
296,1116
-1503,653
1111,1839
1465,589
489,275
-922,-727
-1561,1315
363,-901
1094,-22
-640,147
1568,-1103
339,1642
320,-1565
488,-1983
-1737,922
1921,86
1835,1608
-1927,1249
-1713,-1245
1387,-1135
1454,-819
208,1150
-1855,607
-412,-373
-1664,1266
-1846,-1990
-1067,234
-826,-469
1708,1312
-1688,-1357
-1465,266
-1303,-491
-1267,1897
1869,-1665
-1918,1774
841,-1436
-334,-1943
510,-207
-1625,1456
1219,-1010
59,-1399
-543,-1740
1703,1429
-745,-891
-455,-296
-1026,1420
-1884,-1271
-633,530
1745,1842
289,794
532,1156
-394,1146
1209,667
1493,-266
-1219,-1751
-118,1787
-1254,-1118
-1303,116
-966,1732
970,1068
1484,-896
-1137,-318
-909,1481
1441,322
-932,1304
1591,-987
1512,570
1560,-633
-632,439
184,-1407
1575,-417
255,-1725
-799,50
-89,-912
1521,748
1124,-1067
551,-980
1790,-1049
1945,-128
-1415,-168
848,1551
-266,-1930
-156,-1598
1970,704
-1534,-1328
-468,454
969,-380
1188,-484
404,-979
-1601,-678
1489,2
-89,883
-1008,880
-241,-1168
-456,1153
1525,-503
-1229,-54
128,1471
682,-654
-1688,505
1995,474
1812,-1511
934,-1938
-1409,-1543
1815,-890
1748,-920
-834,57
1753,-837
619,1407
-216,-590
1076,-736
1303,-1720
-1687,799
-967,342
-66,-739
574,-603
-1241,619
-1803,1005
515,783
-1230,-145
-1681,1362
1643,908
924,869
-900,1824
-166,-1299
234,223
1491,498
-1371,1866
532,-737
-538,-1075
-1978,311
1912,1240
827,-395
1811,1688
-1596,509
-413,-687
447,-1467
1319,699
-466,634
341,-649
-957,1808
892,1996
887,1033
417,769
1946,1057
-1525,-231
-156,436
-1926,999
1258,-947
113,204
1293,-1973
-44,1748
-1236,1810
-1843,41
-1159,1516
-1559,1042
-439,-1382
991,461
-699,1243
881,196
1118,-201
-181,174
-35,1096
-344,1733
1656,-698
-1933,415
-1087,-1970
811,1323
-583,-50
288,-662
-31,-369
-678,-1144
-1679,1151
-1254,-1419
-1503,-837
1464,517
740,-1706
778,-864
-1163,296
70,1862
-982,1045
-418,-1757
965,88
-1013,459
906,-1556
-379,-142
-278,-200
1582,650
1373,469
1678,-646
-1553,-803
25,664
-271,-911
1421,1795
-1648,230
-1192,-1729
1219,462
-266,-1907
-1155,-577
-1065,-986
1315,1698
1823,1973
632,1017
-1240,1486
-461,-690
-1214,175
338,1877
410,-1839
1512,-1507
-872,-1974
-974,920
418,-221
-185,36
-1570,-1903
333,-1067
1237,1491
-1592,-191
-333,-730
846,-120
-1877,-1432
1910,-1986
1048,-217
-1009,-1033
1726,1349
1389,1998
-1906,651
-194,-943
-280,1063
-294,876
-421,387
953,-1104
-1176,163
-1698,1792
-1723,-1509
-335,-456
-1283,1163
1387,987
-716,1368
1322,-1193
8,-217
-1435,1975
-1644,-679
-615,-1403
-1266,-834
1761,121
-432,-41
-1468,-189
1652,-1524
-760,-1903
-1448,-1241
-379,1469
385,1003
-523,215
-805,596
807,-886
-1570,-820
-1582,-627
493,-1273
-89,1512
1144,1052
-1569,801
-158,-1087
-1453,1506
957,-1982
-1461,-1015
144,1693
-1906,1868
-518,-99
-1576,1798
-1903,-1136
-1654,963
1763,-57
-550,-668
1150,1899
1611,-1361
1643,1750
1720,1718
1844,1525
-150,-1086
1382,1272
-1495,-1445
-910,-238
1935,-1769
-562,-1580
1304,1182
953,65
534,-362
-1669,-691
705,1615
-470,55
-533,332
585,-1760
753,1900
-1941,806
589,-11
1397,674
-344,1213
866,-966
1166,1396
0,1188
154,1393
1047,921
1168,-745
458,1169
-1783,35
822,256
1257,-1483
1047,524
-1844,25
1194,842
1215,-47
749,21
-980,1792
-1309,650
1197,1558
1812,194
1601,-365
-400,1549
-1380,602
1460,-825
-1352,564
1189,1018
842,-995
378,1264
-432,47
854,1907
870,-1976
690,420
1495,827
665,1396
-687,-175
-211,-1855
1233,1593
264,1232
1149,403
893,-124
-1007,85
988,1497
-239,-904
1908,1664
318,514
370,-1225
-924,-112
1352,835
-1681,1472
1578,-883
-1379,1497
1585,-1834
-1009,-1321
-1214,-1224
569,1207
-471,-645
-391,-869
1310,-783
644,-550
-1782,-1745
764,1383
-765,-1848
702,1244
-109,1991
1271,1572
1175,-1592
1783,-190
1091,1780
-1987,-543
739,312
658,-712
-4,-671
946,1497
400,662
1413,1591
-1311,657
-499,-782
749,-1861
-585,385
-1033,867
467,-966
646,-1445
-255,-1056
-729,1712
385,842
1710,1092
-1363,-1172
1146,-439
675,-987
-10,891
-1991,1092
123,-357
-1707,247
-845,1988
1685,-1679
-1192,1740
840,-1065
-197,1401
-1984,-856
-95,-1027
-129,-761
-1976,143
-1426,-1082
1031,679
-435,-1167
563,-106
-444,979
254,640
-776,393
1753,1879
-1190,770
1018,-427
-1575,-1137
1401,-1835
-521,-1843
1141,-881
1305,-789
-1484,-1553
-40,-1030
775,-1392
-1419,-1039
-1109,-1094
1098,-230
-276,1076
1339,-483
388,-1464
1387,-1498
-254,1363
170,-1995
1829,-507
-1844,-1565
423,-1445
1333,-1780
-1513,-970
1521,-227
478,-489
-1376,-1606
1443,58
430,1836
139,460
-1087,-666
1432,971
267,1203
-1294,1017
-1504,-1762
1507,443
-735,62
-1829,244
-777,-293
-940,-1767
187,833
-816,-111
-1935,1856
767,-597
-203,989
1757,60
-434,249
920,-1229
-640,-1124
271,1947
894,1886
597,717
1659,-782
-1515,-1234
1473,1199
1424,-1460
955,188
1826,1297
-1651,-1897
98,-734
739,514
1736,1431
-1753,458
649,-1002
108,-426
-291,494
-184,1384
1730,877
-514,1299
1305,1246
-295,-1254
1422,-253
-331,384
-1066,811
-1802,-846
241,1265
-900,-403
238,-143
1519,909
-818,1382
1108,-973
-512,-1531
-1342,-1806
-916,-304
462,758
-1109,216
-734,145
-269,-1582
1868,-477
625,820
-1390,-1594
-1681,-627
484,-140
629,-1378
-1686,-299
-757,-1639
1980,136
-323,-1228
273,77
375,906
558,1005
1520,591
-1824,-665
1091,1197
-27,696
1591,-1793
-379,1190
-1791,586
-1314,-439
-928,1491
1340,-1417
486,1665
392,-1878
-426,1072
-1257,944
1672,-1169
-124,-370
330,-1545
-136,273
-1343,-1944
292,372
1997,161
-847,-1081
138,-964
1999,1570
-1102,1796
1194,1126
1696,-973
-1733,-820
-432,1485
-1125,332
-1597,499
-238,-1972
-1794,-156
-243,1859
817,342
1549,9
1397,-1811
700,-195
-497,662
-1285,-174
-303,419
-1353,-1129
-672,1796
90,802
-16,-611
-706,760
491,-1495
-420,1755
-1840,523
1667,-239
1240,877
-60,1901
-1675,1592
-1975,-1316
-1165,1678
-1498,974
-960,-1593
232,-962
-1240,1734
1225,1600
856,1303
-1914,1894
36,-1529
-440,240
-475,448
382,-1650
218,-1024
-1236,-1518
303,789
-1411,-585
-645,1591
-653,968
227,225
479,-1906
-1412,717
204,-614
-946,940
1462,-597
-1581,1855
1048,-195
575,1590
-1469,1647
890,-958
-470,-1650
-119,-1672
570,1219
-1622,-1628
1415,373
1502,-1177
1442,1469
1,1391
-729,-667
-1196,1042
-1870,-69
-292,1351
-1743,-1128
-1149,1153
1173,-793
989,1736
-1310,-620
1221,-1770
-794,1107
-1115,1131
-1402,-534
1621,-1939
-1356,1948
122,831
541,-1005
-912,1981
1407,393
-510,337
951,-941
854,-331
-40,1835
646,-698
1496,-968
1289,-990
-1852,-804
-688,-1666
-1612,-454
1611,805
666,-126
204,1169
531,-1894
-1564,-1633
1152,-246
490,-1421
-1266,708
602,-89
-623,-1521
-1094,-879
-625,-593
-521,-1904
121,-1998
558,-1518
-1963,889
294,1702
-618,1185
27,760
1133,-531
-1514,-273
-1031,-1230
-873,1375
1465,-1122
-299,203
-1213,358
-68,1179
-403,1003
437,629
1192,136
-1501,1979
-1908,-389
-1655,545
-1554,1389
-854,1130
1071,-896
1640,1534
1582,-1548
-1138,-1622
-258,-458
1673,436
914,517
1457,-584
-1900,-1342
1541,1540
821,467
-620,-83
926,-12
472,332
-1243,1500
-1187,-1191
156,-281
1248,-1566
900,133
1074,-1784
1855,254
-1380,-810
-1054,1664
-1892,638
1097,1703
653,1778
-252,-153
1061,892
-529,409
-1865,-1029
-640,-1056
-1127,1786
1913,1079
-927,-657
1886,-1032
1672,-755
704,-1461
624,614
-1448,-566
-94,-1760
-1585,-1458
48,1458
250,-105
-871,1436
579,412
267,-1631
-318,333
-1854,258
-533,-1118
686,-1961
1600,1987
403,940
-1753,-1006
1131,1591
-73,1944
-1178,210
-500,747
849,-1543
474,-1703
532,1
957,1491
406,-686
-689,505
-1509,1155
-1965,-1698
621,-1775
1103,1912
1432,-1765
-458,934
591,893
-541,1470
-1139,999
-606,-558
-1642,634
-1688,1854
188,926
-861,1681
-387,-989
1835,-1066
489,50
1400,734
-1247,-1938
878,-1397
-1029,-211
-1901,-1605
322,-307
-1279,303
-1446,21
-746,631
226,-1207
-1112,-1827
-782,1481
-105,1674
260,-1465
1851,-40
-977,-1053
-1028,150
-1458,-1628
65,-79
639,-1611
352,1157
-185,-422
19,1792
-782,846
1324,-1777
-935,-965
287,-1016
1597,1236
1054,-1390
1359,-1646
1570,1685
18,1801
132,1722
-1128,1831
-436,-1922
-1048,1161
1441,-583
833,-71
95,965
1145,-857
1959,-243
479,1379
-48,-13
990,405
635,1150
-158,-231
-1756,-865
1781,1338
-1420,-1474
802,-406
-588,1894
763,-1861
-708,1001
1558,-1667
-439,-1423
-558,724
-1108,69
1655,-1515
159,1620
252,1566
1332,-832
546,1711
1894,1642
797,73
-752,855
-1262,1505
-1252,892
-228,-992
467,363
-1655,474
-1517,153
-1598,1866
-1696,363
-1561,-890
-559,-1187
56,1060
1195,1678
497,1225
-149,-1749
-115,393
-1828,1975
-1013,-735
-664,468
-1714,-500
-853,-367
-1186,-347
-765,-16
684,442
356,1459
-1038,138
-1847,-1022
1593,-1285
1541,-869
1556,-806
-41,1334
810,1552
-965,-1388
-207,125
1212,324
406,-45
360,-1359
1977,-110
-739,588
564,-1605
447,1617
-1892,756
-597,-552
1345,887
-347,59
-48,-841
-1170,127
1975,1008
-142,577
-184,9
829,-514
-1193,713
-850,990
157,-1805
1571,1119
351,1600
-1452,-518
-759,-1736
1884,1139
628,-756
241,1058
1223,1267
-1131,1881
665,-258
-827,1010
84,-1542
494,-457
949,-670
352,269
-48,-161
-837,-867
1329,-579
966,-1216
-643,266
-1346,1799
279,-1138
1451,-1499
62,1538
1295,697
148,1102
343,-1061
-423,-413
1140,2
-1226,-1390
547,-496
-1131,775
-1304,123
1645,-571
1626,1689
1148,255
-521,-1241
333,-47
-1544,-1578
1562,-903
640,-141
-789,85
-498,-1071
859,-71
849,1844
1339,1997
-1029,-1251
-176,1665
558,173
-104,-1714
-1420,-1864
-1750,-533
-1589,-248
-549,-1688
316,-1621
413,-1045
-1812,794
-1214,-1852
204,1510
1118,-1009
-1749,865
1899,-922
-692,1670
261,-832
-1102,-1977
597,-1398
-1257,881
-948,-1759
1148,638
613,1513
283,406
1645,-1012
536,3
1246,-590
1590,-944
-634,-710
486,-676
1095,563
89,513
-1928,473
-1129,28
-1591,1967
1864,537
1220,949
-336,-1860
-370,-1466
1624,-1683
588,-943
263,-447
-1917,1426
560,-1790
1752,-1491
868,-1797
-586,902
-376,65
-563,287
321,-63
-1513,-1457
492,-862
1015,315
-1174,1847
-421,-1580
1240,-28
864,910
-1795,1545
-332,1240
-1731,1392
918,668
299,-465
-838,148
1883,-837
40,1287
-972,-1143
-764,831
453,642
1801,-824
1231,386
-1617,616
-1793,-1171
-53,-1067
-161,847
-11,-1513
770,1102
-1467,-1060
1310,527
-521,1105
1623,-1023
-18,1860
-1483,1449
-1292,-237
279,1483
-1250,1872
-1023,179
-1426,-140
1297,-931
-1133,-1956
432,391
172,1765
-1565,1072
1513,416
-1311,-371
1586,1010
1759,1544
-287,10
1767,309
234,-1153
-24,307
-1253,966
710,347
-1570,-1011
-462,1513
1019,-521
-1452,740
-1030,532
1284,555
-825,-1700
729,-1251
1038,-791
-487,-1755
1894,-1330
-145,353
1354,-649
602,-371
-222,414
1601,1745
1632,1127
101,-1468
166,-1799
559,-1669
-1946,1914
-887,1937
673,37
1769,597
-1168,426
-1561,-1589
289,-701
-1393,-1568
441,1647
-1966,-146
-1416,1357
951,135
91,-1866
-1233,1281
1210,438
-730,1279
-687,-599
-139,1496
-388,751
-171,-185
924,-1493
1006,1774
214,1118
-755,-921
1563,-1926
-1644,1928
1090,710
971,-1454
-976,1614
180,-1833
-1510,-221
1308,-1659
-1854,1270
-1330,883
701,-1140
-1407,-1113
821,-1089
-238,-382
266,1106
-724,-631
-365,-626
-1981,-1295
1794,-1379
-1055,-1275
-1946,898
1976,-1321
266,1171
1110,-575
-1126,1013
1654,-10
38,-877
-1390,427
127,-1254
1046,-101
1375,1043
785,379
-1723,-1251
-475,-1413
541,-921
-835,-1291
895,-888
-354,-234
-1490,1115
1430,1030
-1504,-1446
-1295,662
-771,85
11,-1532
640,975
-352,-1874
1242,726
510,-1071
1494,1981
1852,1532
1656,-393
1060,1014
351,1970
1739,1577
1801,-1298
98,-1463
-842,-1351
-1915,-1979
-764,-216
-496,265
-327,628
-590,1965
704,-1298
-455,-66
-534,224
-627,391
1749,-222
-1127,124
-309,-1322
-1725,-1566
-927,-1376
349,350
-1984,69
500,-647
-991,-1312
-1338,268
240,347
1969,-498
1939,-592
-346,-841
1572,27
-612,-1392
-454,1275
1056,-102
-698,134
1962,1079
1401,-1690
-1652,-392
1827,564
1571,-1404
-394,1583
1296,1538
-119,665
-1152,-1724
-1512,1359
-1497,1744
9,-190
1548,-852
842,-1353
-194,1797
-843,-1353
-1020,-1637
1109,-141
1937,-1427
803,-1991
1782,1340
41,-116
594,415
679,1026
37,-1789
-1580,-961
1986,1852
-1956,969
-670,237
1608,-727
-395,-496
1020,-1379
-492,1282
-839,-836
-1070,-1074
-1277,-1369
-1423,596
860,-408
-752,374
303,-598
1922,-1505
-823,-1099
-1254,-1328
34,-1852
-1790,585
-6,837
-1973,1776
1054,-1268
767,-1663
329,884
-1966,1234
199,1076
887,-95
21,1913
1199,1852
-252,677
-996,237
-67,-828
-556,-576
1502,135
-2000,1875
226,128
-1276,-1255
-1473,24
-439,-1590
-279,-1264
1558,-405
1492,594
398,-1483
279,819
1682,549
811,199
-1385,-929
-494,-447
-1774,1663
-1611,870
-1392,1918
-698,525
-158,1982
-28,1621
-1962,-1261
1661,-1790
-1599,1229
942,-682
-648,-570
517,1736
-1699,-1596
-1368,-956
1526,1195
-1394,1183
1530,1410
-1526,1429
-1819,737
521,-1184
-533,1780
-1967,-1065
-215,46
1577,-1151
-1417,-1682
-1864,-1228
-551,1734
-827,-1169
-75,1646
-643,-16
-1601,-188
468,-1742
1551,-1539
1154,-473
-1675,-1427
-1969,462
-1053,-1457
-1879,81
-1336,-879
1777,-1058
-292,-1120
-1545,-1184
-233,-181
-1222,1881
-1731,214
657,-1314
-716,190
871,1935
1750,-829
1153,-462
1473,-201
-5,427
-1812,1986
1169,-615
-491,-1201
-710,1679
1205,-1961
-946,-1394
-1420,424
-568,700
-1767,-335
998,1156
1914,1837
-627,-726
-846,-759
-470,-216
-1616,628
179,-1783
844,1858
428,-1855
-428,797
646,-760
613,904
-1887,-494
1974,-175
-622,-1684
1517,691
1184,1460
1877,-1659
-1015,597
103,803
-671,702
-1851,119
858,-1858
-538,-349
959,-449
1003,1357
26,1628
1296,903
1878,-576
478,-645
1694,988
-1602,1712
-284,-1244
-440,1275
-1058,-218
-39,-1084
1227,872
1027,-1581
-204,254
-1826,408
-1555,741
188,-1771
-6,639
-613,-1688
1071,1931
851,696
-1329,-1472
207,-1989
1942,-218
760,-1183
-1134,-111
397,-1279
1004,1562
1679,1823
549,-1508
761,-938
-229,424
1901,-377
-1109,1734
-919,-226
-1712,809
-1896,926
777,-83
900,73
-1671,1711
-1591,1389
-1400,905
-314,942
-1817,1960
-1363,-1652
721,1996
-454,401
-724,-356
1952,-1607
-721,1988
-2,254
-66,1836
-1904,-1377
848,-1130
1922,-1299
-1134,-1069
1375,1298
-444,130
-1304,-1250
-1855,-602
-767,143
476,1507
261,1084
997,693
-1351,1950
939,-1459
190,316
-36,-695
1088,1489
-1976,1295
748,-676
484,-282
-1378,1156
-374,433
728,-314
1533,-920
-1714,-291
74,1620
1150,1292
-342,1991
-1826,-950
-380,1942
1326,1387
879,-1387
-1332,1863
-491,109
134,-790
1779,1788
905,1719
766,-855
-264,1178
415,-958
-1383,936
-577,-908
42,1365
1758,-1114
-1359,-494
-1316,1523
817,-1312
986,-1502
1175,566
-1093,643
340,106
-1371,1609
70,1216
-1020,126
1582,173
333,967
-1754,1734
767,1814
-340,-1686
1061,1350
439,-1720
56,1078
1771,-210
450,901
-1497,-528
1310,-1050
1115,-335
411,-928
1526,1617
-1377,357
1086,724
520,1997
249,298
1166,302
1608,1440
-412,-1926
308,1570
1341,1526
1888,-789
1611,-1998
798,-661
-1150,105
542,883
-1348,279
-608,512
1333,-78
-1078,-1726
-585,1222
-1994,840
-368,-15
-925,1226
1599,1464
-660,-717
-1747,-1436
533,969
792,861
-863,-1863
1003,-1535
-831,324
-1271,1792
103,-1952
-951,407
-1672,364
1051,936
1568,-203
649,-1646
-1920,-1826
-1031,-1806
-1982,783
750,-330
1453,-932
-210,-390
-844,-1008
-1698,-895
72,951
1321,657
1390,-1467
-928,1995
-116,1574
-901,-379
252,547
-355,-1914
1443,909
-106,798
-1413,-22
-829,-609
-1140,1241
1680,60
1594,1091
-1091,29
-1576,800
1598,-1284
442,-1245
1212,-1985
1160,-1116
1305,1586
1998,1320
721,-384
-1872,814
1947,-370
699,-680
207,-1676
-1673,1908
1122,-839
505,1734
845,-438
-1004,21
-660,-490
-1745,1775
738,-151
-142,-263
-647,-253
-230,-1802
1287,-1836
-1876,-653
-20,1399
390,1389
408,-1368
337,512
873,867
1427,-178
-1870,1691
-1408,1992
344,1939
-15,-1381
-810,-708
-659,762
-1344,-1652
-1629,-573
-1404,1143
-358,-815
-1268,-51
1856,-1794
448,-880
1950,723
905,-1136
-1236,-1043
-1071,-1052
1345,-243
1669,-889
-509,-1603
1564,557
-1283,-454
-1615,833
-1457,354
-468,253
1150,1339
-1120,676
-372,-578
1293,735
418,1246
677,402
1834,-839
-500,-1830
1178,890
1720,-58
-1174,-1464
-1096,559
-1977,-690
1905,-938
768,-568
68,-1096
541,807
843,368
367,-223
66,1161
-382,568
258,286
-1072,-507
968,-783
783,833
1461,-60
-86,-80
-145,-1033
1486,1802
388,1566
1178,1799
-1554,-962
-742,-634
978,1733
-595,1659
-541,-989
545,-1997
-1885,-1432
-1471,-827
-1622,-1541
1765,566
-1889,-75
-825,-791
899,-1352
118,33
-1523,-497
-829,-75
-1616,1027
-1031,-497
-1416,1718
-1910,1408
-1037,160
-892,324
1293,-92
1602,1133
1492,271
350,-1713
1146,-1364
453,-1945
-775,-826
1571,1480
-1455,1403
541,292
1996,-902
-1634,-876
-1758,-1383
105,-924
344,1813
1389,-1058
1316,774
-970,-399
-692,350
160,-130
-1684,-1313
-985,798
149,-1514
1210,1235
1235,920
-1330,-1078
-665,311
1582,1514
-333,-1728
1071,-900
949,117
322,-522
1770,-1470
1539,-1178
-1580,-354
655,1463
-1098,640
-1326,-477
-836,1851
1374,-490
1303,-744
1943,-1894
1414,1871
492,-1436
-48,1537
1120,-389
-50,-1324
1958,832
-1434,-212
1355,-546
402,-605
-1011,-1009
1822,-155
-374,1129
-624,1226
1395,612
1155,-1296
-1249,-376
-629,597
-548,1463
157,942
-1728,-1804
-1337,39
-386,879
-262,1112
1299,-593
1736,-417
1088,-1862
-88,-256
-1645,1060
-201,-810
-1602,49
1208,-428
-1047,1065
1948,125
-1598,1847
-195,988
-1677,1341
-1372,193
1612,1784
-886,1337
-1569,1164
1468,777
-1173,-884
-1065,1830
720,-1432
1267,-941
962,275
1373,-1544
1272,-913
-900,-1604
-1245,56
1620,1983
-580,1034
1993,-1609
1846,1583
-933,1893
1011,137
240,1234
-1101,1688
-48,779
-1114,-183
-310,-1482
1219,796
-301,1552
817,-912
-1010,869
706,1965
519,331
1024,-1651
-806,924
639,1383
753,-1266
723,346
-1430,-16
-1030,-1965
54,1987
601,1467
318,-1293
-187,1280
33,1424
-72,-897
-1128,141
36,1866
-102,-684
-1853,-1573
-1061,1988
780,1077
623,-535
1506,51
749,727
230,-367
590,-414
-979,-973
1013,604
-115,437
712,108
1393,463
-643,-473
-725,1573
1712,-850
-375,1609
-752,36
448,-1811
-742,1354
1061,1545
-1668,1209
-69,-1787
-1668,-1956
-634,-892
-1711,871
-1026,717
399,855
1695,1047
928,-1656
1661,-1136
78,-595
-683,-1686
-259,624
-929,66
-1195,-282
-96,655
-387,-1619
-389,1092
131,-1884
1991,-255
824,1800
-996,1372
-936,-857
39,-1432
1479,675
861,-1025
-617,1413
-308,-270
518,-550
-627,-791
1220,-561
-554,57
1971,1252
-564,577
-1113,-1968
181,960
1164,1554
1484,760
-1657,-498
-115,-1417
693,1964
432,1320
143,-951
1394,1301
271,-1160
-113,1110
1709,25
-1075,-1573
1858,1652
-719,1745
45,-1901
948,-363
-525,633
1968,1811
-479,1154
1781,665
-1970,152
-1895,541
-388,-1809
491,-1977
-1347,-994
936,412
-1519,-1958
-1593,-151
-1875,-15
-1137,1704
1528,-416
424,-430
-624,273
-978,1345
170,-555
-350,-255
-203,-1606
-900,210
-577,-855
1595,-868
1042,-1377
1564,-1712
1847,133
1001,-681
1466,526
-1848,762
-147,-852
-555,780
-1593,-336
-1430,-744
-1691,-132
-678,-958
528,-1785
1213,1213
-1185,-244
1829,361
979,-977
1232,-922
-512,-338
1974,-1383
12,-865
-1054,-1510
-208,-213
-1570,-1064
699,-1145
1094,938
1334,-117
1919,51
-1502,-1646
97,1008
-642,-404
-626,1825
420,-1949
1511,-1039
-333,-1944
-1996,740
1991,985
-448,1341
1860,-1390
104,1097
1330,1196
-1656,-277
1410,1078
-266,-955
-1617,175
-854,1695
1024,-578
-1126,183
234,1646
-1339,134
-206,713
517,-469
1487,-1073
39,-138
-402,1843
-1193,-1485
303,1938
-1580,80
-1907,-271
-926,-883
-421,51
639,-1504
-1174,660
-243,193
-1593,1572
1038,313
1857,899
1998,-1662
72,1173
-934,410
-1327,899
1870,-1430
1494,-1874
1772,-243
-806,1808
-407,384
490,433
-1823,-859
319,162
11,-1933
-1504,1690
-1209,-611
997,-21
-1517,1405
-330,-608
1405,-483
1649,-203
-45,834
-1941,179
1238,1046
-306,1223
1069,304
-704,253
630,386
1444,1566
55,-129
1434,-1629
1683,935
-607,1877
-1320,400
-483,-605
-492,50
-940,-1185
-440,1200
-1198,-1578
1685,-1122
-1108,265
-1453,1235
1985,-1524
193,-436
-1123,-69
886,-742
983,-652
-1386,-310
954,1269
224,976
833,-1869
-700,623
1083,436
-1390,966
-177,234
1933,858
-1447,-1652
575,92
49,-1134
1478,-1929
365,1101
1964,-935
-1091,-832
1268,-1157
-1388,607
-400,111
998,1507
-112,-1339
1645,1415
341,1050
550,387
1699,-1635
1048,1186
980,191
372,-94
-214,951
-424,103
-1091,-465
-82,1916
1586,1870
-1582,-1017
-1844,195
848,40
-964,-437
1579,78
-1516,-737
923,246
-486,-291
974,-1375
216,-687
207,1936
-657,-993
1987,-546
460,-1712
-1456,1115
-301,1943
-808,-639
952,831
1956,-75
-851,211
-1060,443
1940,-1271
-1390,726
150,-1173
-418,-741
1293,1828
1156,849
1436,548
-1774,1671
894,1744
1093,-975
411,-1399
1899,1
-297,439
1252,1118
-1115,1873
1186,-1948
1690,-1940
1263,-809
-1349,862
-1907,-1243
-1640,-1650
-456,-1000
-686,-1414
-600,-1836
-1225,995
1779,-1229
1903,-1191
591,-230
-849,-1473
117,-1640
1418,283
161,27
1767,-1444
-1546,-370
942,-728
1950,1107
1500,-1983
-1265,-487
1015,148
-950,-1190
1147,-162
-1732,1140
-558,1402
1191,-926
1986,1515
219,1206
-1568,1219
-1986,-1035
-94,1294
1227,303
1746,-994
-1578,-1511
63,83
302,617
-1170,455
1563,1549
1709,-1453
-826,-823
392,385
-392,-629
-907,-176
-773,-756
-535,93
-1156,1286
1645,-1131
1458,-276
-692,-557
89,-1333
-253,-1865
1623,-1573
795,-1850
31,1953
-1901,760
1908,-1627
-1547,-734
165,1482
1643,-544
-1545,1967
-1461,-1313
480,-702
1518,-1084
1423,1532
1790,-1187
-918,-163
1389,1730
-1201,-1756
-1501,454
-1188,-1174
1487,-736
1418,892
734,-111
-1357,20
1674,17
-204,1939
-471,-229
-626,-35
295,-527
-601,-784
1294,13
1805,-190
1857,1254
1051,759
-1816,-1573
-1772,476
1286,-1217
-1301,99
166,-1695
-699,1307
-300,54
-713,-790
-472,1701
233,1258
-1988,687
-644,446
-449,-774
-1593,1712
-1469,-391
-739,1832
-176,-775
-21,-629
-1701,-87
-163,1709
-1358,1735
1088,-684
1518,-1405
1250,1035
-1749,1491
886,-897
-1997,-1037
-13,1018
1590,150
1788,-455
-810,653
-582,-1748
-385,-845
1990,1002
1684,-77
-829,-401
-508,86
423,-1389
-900,365
730,583
374,1143
-1896,494
-1298,1583
1937,-74
-1035,1142
655,979
-1697,-8
311,-10
311,-1795
-632,-401
1523,943
-63,1756
-1790,1155
-1889,1900
-383,-1274
-796,-908
-1971,581
1619,-915
-718,1401
-808,1481
-222,941
-827,-592
-1982,1357
-810,795
-66,1261
1046,1452
-195,1267
-613,552
1583,866
-1652,-814
-1789,1828
-478,-1818
-588,83
-1972,1422
1187,1892
-1203,-1116
-1503,-1072
-159,69
1443,-1728
-1379,-1298
664,1717
-1005,-1834
-1802,-206
85,1736
-112,1414
1521,-1061
-412,953
-806,1007
720,243
-1817,359
1605,515
-1163,1693
-492,1619
136,-1402
741,710
590,1348
1639,970
1604,-1310
449,1696
-1965,-1905
-153,-252
146,1210
777,1243
-753,-986
197,25
1415,170
-452,205
-1486,-1624
353,1577
-675,1639
1870,1521
1935,-1040
-1583,1599
-1203,-30
420,305
-1831,1618
1242,-1104
724,-638
-1163,861
1668,-1668
-1771,-934
-751,844
-1301,-845
-790,-776
107,-729
1637,1084
960,791
-157,-314
-967,1833
-1391,-1013
1793,441
-757,548
1932,1981
-677,1512
-402,-1228
-161,-569
1542,522
-759,1025
-1257,746
799,609
-1033,1345
-637,473
1216,74
1133,1659
259,-292
1396,113
1885,-148
1517,1881
1346,1088
362,-1183
1590,594
1891,1467
27,-771
529,477
996,7
-1865,407
1927,-1110
668,-1326
-303,224
691,-1310
1876,1451
316,-1561
-1796,-257
1603,646
863,461
-507,1119
1362,-1620
1299,-1877
1208,-58
240,1555
-427,1724
-1452,-176
-1503,1783
-781,1722
-1735,-1267
-1512,-593
1135,1323
-1622,195
1569,229
1265,1790
775,-745
1554,-681
1638,1047
-1835,1803
-191,-1702
1352,-1799
-1840,-769
348,1917
1193,-1444
-1011,-409
58,1251
1055,1079
536,-80
-1276,-1576
-1551,-1582
-1893,-1258
-1506,1331
-206,-771
149,1318
-980,719
1307,-148
1181,-414
-41,-1053
210,-876
1729,-500
1005,-885
249,-1833
-1746,1006
852,-1715
1582,1401
688,-1990
-379,225
521,-1163
299,-1851
133,-435
-1732,1388
713,1842
-1132,929
1359,-1348
857,-1944
463,1660
-1448,-36
922,-1826
488,-1530
-1947,-1161
-21,1020
98,-1903
-1709,212
-821,-1168
33,-957
-968,384
616,1910
272,317
1232,-916
667,-705
-1289,-466
-10,480
-494,-1812
-1184,-1813
49,1910
-1103,-1534
256,1203
555,1260
-55,1313
1704,761
-1097,-1974
-1837,-1805
-618,1248
979,1060
-714,-235
-735,510
975,377
-1286,-85
-1346,336
1072,1905
-1459,1231
412,1121
624,-301
-1394,-1027
-596,-225
-603,1316
274,-1488
1753,635
-567,574
789,-1191
-1942,369
1475,1807
-1755,-995
-256,850
-864,-1092
910,-1274
-1088,999
-1720,-215
-1824,-911
-528,-38
-162,1791
421,-1852
1845,-1336
-1872,1323
1765,-667
1693,625
1423,84
-794,997
1020,687
1163,809
1886,36
830,-1410
-1490,-527
539,-1362
1235,1631
373,-842
-1628,-1513
-1460,-1138
869,-1307
-1382,-522
-1394,1128
1836,-1729
362,-174
718,1332
666,3
-129,-1213
761,1788
-252,1291
1211,1570
-1832,1155
270,1682
897,-635
803,219
1630,-1739
1734,636
732,-1902
-440,443
-664,728
702,-65
639,16
1826,491
1633,-971
1815,-8
1891,-381
-1077,973
1348,797
-907,-514
1176,1659
445,1182
480,-1713
1755,322
1882,146
983,19
788,1264
1104,1935
1276,1549
920,1277
83,-1838
-1284,332
1633,-1992
290,-537
-798,-1680
-437,-1706
-323,-1524
-1897,756
-1227,1390
1352,1353
536,843
-417,-829
-1004,155
-1821,-650
-1526,-161
448,1229
-1093,1743
-1941,-1557
-160,1376
-1948,-957
1558,-1393
692,-1488
341,-1491
982,-366
65,1766
-1934,1638
-1831,-977
-284,-992
685,-148
-1669,104
1005,1979
1854,686
-1507,-544
-1495,267
-892,1710
85,1397
1956,-1265
-267,575
-668,-1360
604,907
1832,-1492
1437,-307
-1470,1300
906,-3
1794,151
-1282,-1544
1673,1268
1014,-1516
-1893,-391
-1511,-770
-1485,-106
-1959,-1966
1264,-1757
242,1334
-755,-437
975,-524
-1137,1780
-980,1842
1335,236
-1643,1487
-1481,-1486
-594,-420
-1214,1181
-180,84
91,749
-1056,-423
-1105,-948
948,461
-161,769
718,939
-938,-143
-1199,1472
-167,-1198
195,968
1404,621
1930,1353
1457,623
-1105,-1978
-197,-467
-444,-895
33,1521
1185,-1135
-3,-1691
1130,-1189
-1356,1531
-1651,-1616
-575,214
-1336,1891
1002,1209
-1817,389
820,1514
-725,-1473
563,-733
1414,811
1241,405
610,1968
495,1048
-671,856
1569,-876
-1505,975
-1676,-891
1556,634
-1741,-1873
-809,-238
-1625,-1314
-740,1276
1349,-1609
733,1542
33,-767
-650,447
-544,1098
-374,884
-1397,-1609
356,515
1151,396
-392,-1346
-415,1684
-1657,-1123
-48,-690
-1823,1056
-1837,-1900
-411,-320
-1423,-1047
-1724,1489
-1409,-1250
1924,-521
499,-1503
288,1601
952,-1598
1517,454
-1733,1091
-745,1562
1313,-452
873,-1651
1339,1353
1068,-1567
-46,-1680
-857,-1721
1853,1138
324,276
-302,1070
-300,-1275
280,1388
712,556
1786,1837
928,1845
376,-852
321,-1798
920,1265
1727,1886
-1094,338
379,-1750
1704,-58
-59,-637
-404,-952
-1150,-220
-1668,-1532
168,29
1553,1025
-345,1128
1910,1515
-1438,-285
-645,284
1339,431
1960,1510
-1620,1508
-273,-193
-1871,527
26,-1302
-508,-1207
1572,1182
-832,885
1124,-427
935,661
1923,-1293
-673,-1750
-1841,-335
535,1062
-856,-1755
-601,367
-9,-1200
1845,1619
1983,-125
276,-765
-757,-1745
1735,-339
423,-472
-444,-6
1163,405
-1325,1888
-270,-874
789,-1531
-151,274
1570,1713
1794,-1988
-1142,622
1448,1954
701,-705
-435,-142
391,-1638
800,-1079
-813,-253
1114,1914
1552,263
-1129,-681
49,-1038
833,-1858
-1459,13
-1400,-1149
-1721,695
-241,694
-471,1567
1600,209
1641,-1221
-801,-1055
1102,776
1787,686
-949,1503
-255,1320
-151,-752
491,-912
1924,-834
-1418,96
1452,1015
-975,-808
-1141,1838
689,774
1478,758
-1311,1841
-707,1885
823,1666
-1332,1218
1122,-1008
-876,533
1919,1991
52,-502
-1365,1235
-1040,1978
787,-337
308,438
-153,-1500
306,168
1773,1184
263,1160
-1903,-43
-1092,727
1562,939
487,-1444
-456,132
1906,-679
1786,265
595,41
-1188,-1322
507,-360
-1411,-994
747,351
-1170,-1188
1695,-1286
1286,-1992
-1234,936
-1069,1747
-1910,1534
-820,-1969
-734,1705
1506,445
-1977,-1858
276,-732
1964,-1185
1057,-1845
966,909
-489,1603
1171,-987
1899,532
631,-360
-318,899
1825,1450
-1844,1596
-372,-505
656,1506
-575,573
290,656
1402,-1350
722,-1557
418,-1181
734,262
-744,397
-537,881
401,-1284
-1343,-1729
221,1430
483,1363
-1246,483
1983,-441
-1339,-604
-340,856
-1016,204
-1570,-1391
-1907,-1601
1079,1522
1944,1670
-1449,796
1138,140
335,-228
-54,1273
1748,338
-1706,-184
942,-66
-1577,-1402
-848,1798
1178,586
-862,645
-1733,-884
889,435
613,-893
-695,-531
-1260,-642
-1903,769
-1125,-770
84,1081
256,-1041
-1272,-63
69,-190
-537,-1962
-1181,-1624
-61,974
271,-979
343,990
-962,1774
-104,-821
69,1272
266,1968
24,1407
-817,1609
-940,1207
282,-1830
-871,-77
1314,480
-1041,-40
-1582,-1487
-247,-1796
-1411,370
-281,-1183
846,1365
-491,456
1246,-147
17,-1133
1343,1296
-502,-1892
821,679
-348,1163
1573,-1643
-392,1176
901,1090
119,-1827
-1326,-829
527,-713
-1119,903
-89,-295
-179,-1952
836,-883
-1041,-52
1998,520
1804,-192
-1331,1289
-568,1168
-115,-338
-1992,-323
992,-782
-299,571
-1758,-1881
460,-1346
376,44
-1933,-1535
-1486,587
-1578,1362
-1680,1234
1647,-1731
448,-885
148,-1613
-827,90
-1685,1463
915,371
-1896,710
983,1430
-1385,32
-1068,840
-412,1943
-472,655
887,-1741
-1459,1929
-1970,-1569
667,-694
1347,-204
-1302,-112
1245,-193
-683,-1020
1890,-1806
-293,-1136
-1687,836
1760,1207
-1747,1861
-1808,1782
-226,611
1987,-1579
882,-878
-1669,841
1945,443
1738,-23
-1458,292
-1999,-1653
-695,-712
-29,-1221
-1263,-1710
457,-1929
1807,971
958,-1430
-1539,-642
-1318,-1693
-1090,-1035
-20,-623
1799,-1870
-703,-291
-709,1787
1761,-124
-1772,1058
1528,-368
1245,-272
1970,1106
-963,-818
-256,-386
1197,368
-713,994
-1717,126
87,164
135,1888
489,1432
1466,1542
-542,923
1079,-1967
-860,1070
-294,-1278
-1436,-1358
1885,-324
1926,765
-471,-936
-1372,1783
457,-218
110,532
1721,122
715,-19
-194,90
-323,-355
-592,387
1795,1621
-1038,1683
-488,-516
-349,-1417
-1736,775
940,1489
-1853,-559
985,485
1178,-713
-635,1888
711,-1549
1357,294
-1607,-14
-1977,-1065
-1780,1140
1868,-1379
871,-288
-1872,1236
-1089,-1311
1139,1590
-1799,-799
1039,1762
13,513
1905,1064
-1466,-718
1733,-652
-1403,-77
-597,1045
358,1831
294,-23
-870,1458
1746,1095
979,1328
-395,8
-162,1362
782,-430
1643,-74
1994,-1341
-888,1409
22,1174
1515,476
1583,-459
-50,-695
1205,348
85,-1248
-1186,-1210
11,426
-1337,-714
-630,-1159
1764,1347
26,2
-1479,-959
-1200,-968
-959,808
-1224,-90
619,867
-50,-311
-443,-1992
997,1096
-399,1807
1706,593
1588,-512
-669,-655
1453,1533
-1103,-625
-1245,761
1749,261
1879,1972
-1777,1948
-1608,-1499
-159,803
-1227,-349
306,-403
-819,783
238,1028
770,129
1483,941
1644,-1043
1830,-422
202,-1198
-20,-1531
1556,-257
-395,1520
876,-158
42,310
-302,-593
103,-1267
1110,105
-1604,-645
-183,400
-1587,1074
1420,-985
153,298
-278,1312
1016,697
1538,487
-1090,1297
1724,-664
828,-618
700,-67
293,250
-1580,-1064
-1170,695
-1676,-1079
1327,873
1821,653
742,-251
-1708,1876
-357,58
1074,-883
669,611
1111,-1904
555,325
-834,679
-1680,-117
-1204,1978
-187,60
-1374,-874
-806,1782
1907,1561
880,-1335
-177,1500
1725,-718
-1955,1789
-654,306
-985,1896
1785,1963
-433,1442
-840,887
-1504,1778
915,1732
1247,-819
1614,1744
-416,1116
1295,-1667
-843,-1909
-574,657
1825,-1264
566,-628
-405,1686
421,1703
1070,1286
-1231,742
-1587,-463
-695,-103
1764,-1700
1419,-1963
1689,-1495
3,-183
786,1310
1810,-480
1600,-1004
1386,-845
920,29
341,-1592
-701,1203
1654,-341
-1781,1946
359,455
-42,-591
-1151,-576
591,-102
1530,-1008
-1889,-61
553,-99
411,912
1989,-1068
1207,-537
523,-1468
1528,440
958,-1799
1287,1639
41,1907
-446,-1353
1568,-62
1036,1973
-667,705
-955,-738
-282,780
884,910
1795,191
928,902
1005,-372
1310,-711
906,1784
709,1011
-1547,-397
541,1223
1539,-1069
-1834,-173
-1888,1772
693,-526
824,-530
1545,1054
562,-6
1980,1087
-810,-222
1893,1205
334,-900
1210,-738
-309,-1725
-1630,1892
-1921,-1653
521,-570
1927,863
908,481
-1780,-1192
1876,-965
223,316
1409,-788
1633,176
1883,1386
1285,-133
-1043,719
1261,-71
654,-727
49,-1767
1236,1598
1374,820
237,1849
1850,-1590
1032,-106
1158,-1861
1678,613
-1507,-1026
303,382
-1319,-1534
1814,-1342
-907,414
-290,-342
1420,-9
-1762,-1553
-1024,-1330
-1217,-1547
-265,771
1071,-1676
-1792,138
1998,228
-1101,-1432
1830,-828
1815,-1558
-136,-761
-835,226
-592,477
-1047,-928
-1446,-551
-15,9
-434,1700
-163,-298
-1657,-547
-1682,-1461
1842,-1174
-1220,-1166
866,-640
-1832,-109
-608,-980
1776,-1805
-1185,1820
-847,1927
526,-884
486,627
-986,-816
606,-637
-669,667
-1748,1700
-656,-1974
328,1216
1275,-1391
-1037,-363
-1849,-353
-1449,1329
-1376,-1040
1965,428
490,-1361
1752,1154
882,-1178
751,-788
-346,100
-424,1369
1152,361
-1040,-1970
29,-783
455,631
1548,-1158
-1432,1384
-30,-140
54,342
1419,1733
-47,-1077
-389,-906
312,-983
-318,29
1257,1470
957,-217
1988,1504
745,1602
621,838
1299,-1308
-2000,-221
523,1372
-449,-64
-649,595
1431,1076
676,958
1089,226
1943,-1277
564,1552
129,870
695,1567
1361,175
-1596,524
387,121
1225,-382
1622,601
680,1561
1532,-471
1342,1551
-1686,144
-160,-1151
-241,1200
737,-1017
1570,-724
368,809
1364,1172
1950,1026
1412,238
1886,176
817,35
37,-236
-1750,1603
-1423,1964
-511,-1515
1798,1066
-1601,-640
915,1073
209,15
-1196,-1588
-1793,-1180
1808,843
1149,-1092
1890,-1350
-1509,890
-363,-1728
87,211
1448,1073
-1326,1622
433,368
1984,-1866
-707,-347
89,405
1462,1751
108,-434
1886,1990
-1740,-1345
-1704,-281
1634,82
1542,1629
377,-218
1484,1296
-615,1727
1235,-1875
1332,-506
74,-870
-612,1502
1735,-620
1981,1669
-1428,1479
1767,130
-60,1577
-317,1553
972,-749
-1306,-1047
942,-931
1956,1287
745,373
732,792
-1267,1308
-1102,1096
1538,-899
186,1346
-1656,875
-817,-1790
-296,310
-1821,1983
-726,-791
-1999,-593
-240,643
-722,-778
-1281,1071
-642,1615
-1618,419
-925,-395
1175,-270
-1520,590
-837,-1682
-676,-1131
258,510
306,-446
-1152,1175
-730,-712
-1933,-1126
-1759,-980
-984,-1910
1757,141
1053,-1176
-756,563
1921,301
18,424
-872,-637
-1356,174
1659,-1376
-1752,-564
-804,-736
-1972,1945
1287,1470
-494,-93
1859,-753
-1383,1883
-1704,-772
-905,1473
-981,1178
818,1096
229,295
654,870
-142,1890
-1152,1051
-732,1928
-1214,1947
1752,999
-1761,-1927
912,-448
-946,1553
-1024,-418
-1989,1650
548,-1394
672,903
14,-1766
276,609
-706,-1915
1562,99
-567,325
314,-983
-36,-776
-820,-1035
826,997
-1456,1623
-1727,-15
-1701,1881
-309,90
-1972,1924
1296,-589
-835,-525
745,-1636
565,-1262
-369,765
1082,658
1826,383
1187,108
1094,-1337
1516,751
-377,-208
1219,-952
221,515
-1953,-979
1322,182
144,-602
1377,-961
1841,888
1473,-589
-1350,1679
-130,-512
754,-408
-1023,-1373
1602,-1736
997,838
-251,-1604
-989,442
-1893,159
1224,-307
-1987,1825
-1407,-793
-1525,1674
-1927,-1305
-736,-821
1817,-1963
-1913,-1780
-978,-92
-249,-1384
-1783,1670
-966,-1534
895,-1205
-869,-1262
49,-904
1278,79
-1114,1152
-71,-1909
51,-606
-224,1830
1917,-2
-49,-1505
-298,-1227
32,-66
-1309,-868
-1188,1911
-290,-1156
846,124
-1129,-406
19,-669
-715,-642
-626,1294
1595,-1934
-1864,477
-251,1881
-1068,844
17,217
1953,-278
571,1094
1224,-1384
801,701
-1643,-903
-155,634
1379,188
241,822
-592,131
276,1344
1968,944
-1397,-201
893,-405
155,-927
-1973,-750
570,747
-1478,734
-1907,926
-1372,-1651
780,442
1751,177
-1246,466
-963,725
369,1507
1334,-761
-238,434
-985,103
1305,-1279
-468,1258
919,-978
-375,1227
1786,-503
222,559
-1809,-913
1753,467
-1496,-1657
-1147,-1739
-1736,-679
-1729,-1893
-1542,1254
-758,-1117
658,1768
-391,1833
-341,-762
-375,-1458
-192,1428
-975,-1493
-1642,-59
1010,-1422
-250,-1938
-1656,-1571
-1415,953
-797,1654
556,-190
-305,322
1554,498
-914,875
-1255,-1803
1128,40
260,1434
345,-1397
792,-1273
1449,-921
339,86
-295,-1541
1814,-400
1752,1600
643,1796
1013,1035
-1919,-797
-1041,1887
-1892,1212
1000,1362
74,-1297
-903,634
41,-944
-161,-1580
-1469,90
-1453,1937
-685,558
-585,-1698
-1950,263
-213,590
-246,-1926
-320,-954
-1220,-1265
356,-764
1404,-1386
-68,237
-1462,1897
-560,1618
1852,1532
1983,1886
-1274,1923
1364,-1953
1244,-1503
1200,-242
654,-1816
-985,317
-1358,-1423
1159,-548
192,-1895
-1870,-281
1366,279
-1044,304
28,-1418
976,292
-1502,1491
-514,1821
-315,-843
751,-1244
112,-957
-1975,-640
223,-826
-1459,-1601
639,573
1454,352
1234,23
-1380,123
1646,817
1566,750
1829,-117
-161,1988
1599,1385
1087,-668
-125,99
-1302,-1452
245,-1847
-699,231
1529,1207
1476,1386
-555,1073
1785,-921
629,-421
1064,692
968,1976
-778,-1732
1064,-643
-1633,263
183,-272
-1242,1512
-603,-1566
1703,1123
-83,71
-856,-455
-961,-914
-1297,81
-1639,865
-1651,-603
-178,859
-1480,-1562
-248,-160
-1418,-1299
970,-1794
-1835,31
-1170,-1442
-73,-932
-82,423
1067,-1947
1150,1071
-905,-825
-1546,-1218
-143,-1528
-1907,-30
-1779,1773
-736,-695
1809,1830
-1229,1086
-700,-234
-18,-221
1860,1698
-1047,-1721
-521,1590
-1950,1604
282,-1938
1739,1623
-1451,-1656
-255,-1571
-1969,-1660
374,-377
1149,-844
-240,-902
982,-58
715,-1658
-1693,1707
1945,576
-846,579
1738,1245
777,-1145
1190,1646
1687,-1005
-297,819
-218,1454
-604,-675
621,535
1336,-1019
-1918,1102
-222,-1598
1453,-772
-779,-1398
1495,-161
-625,-1463
-671,1430
118,1335
-1071,-1626
1982,1401
-1177,647
-1080,1110
559,974
1797,-268
-1041,-425
824,590
159,-594
-295,565
1784,-69
917,993
1893,1864
1363,1489
758,-81
50,1894
-684,-1979
653,-1895
-1713,286
-1887,1076
1682,1403
645,-396
-616,-265
-200,1049
1752,1865
1593,-1753
-228,-490
-17,988
-656,-937
-631,-882
-299,-1021
224,384
-939,441
-264,-511
912,-1908
1253,1442
1909,-1142
1163,242
-1843,1995
-1475,664
-1454,-1421
1383,-501
-867,-380
-728,-1551
1980,739
-1642,-1389
-30,-1564
1445,1753
472,1013
195,-313
-111,1285
154,-173
732,-945
1145,-62
402,1415
-1524,-641
-689,639
1671,311
-1858,-42
994,-461
845,-642
638,-1933
480,8
678,740
-799,-1714
-1008,-418
-1803,1469
707,-196
649,190
-1421,-296
-1813,1951
-1561,-766
-331,290
-100,-323
389,1441
674,567
1256,1405
1412,1475
1908,-190
-539,-971
-587,-1192
70,121
1791,1961
-1052,-1424
-926,1514
926,-984
508,-1113
948,1014
1192,-176
-437,-141
-1804,26
1965,-527
1072,-1997
-1331,-328
-1598,1158
1704,-1375
-1609,-1465
1351,429
1652,-1317
897,1315
1482,1287
733,1862
1832,820
-1707,-1201
1546,1372
1303,1387
-656,1716
1669,1363
1001,-747
1020,1700
526,-1336
785,-37
-789,-1714
-617,1359
984,-1783
-834,-118
326,1355
-1675,1509
1012,1721
-880,-1184
1985,-1637
-860,1851
-1444,355
-1553,-1133
-1832,-617
-1994,-196
-165,1085
1094,1175
1909,482
379,1713
1870,1542
-545,-264
600,1224
586,411
-188,-22
1415,-1283
464,1760
952,21
1598,-229
1968,-1819
-288,-1204
-962,1396
1167,-1001
169,810
1306,-1482
-297,392
-805,934
520,1698
1990,882
-1,1530
-68,219
-1088,-1830
-132,-31
1012,1870
-808,-944
330,-1829
1893,-471
-1767,672
908,1708
1984,-536
-1507,-225
1870,1672
-92,1022
-1027,1787
500,63
-808,1272
-833,-1312
-1058,-948
1159,1168
-1793,-1478
15,-970
1699,588
-1365,-638
586,372
-906,-690
1070,-317
1347,1617
420,-891
1899,-768
1442,-328
1956,-1055
794,-281
1010,-1171
-188,-1657
-1065,-1983
-165,-499
455,1250
317,1673
-1609,-1366
-1258,1540
-269,-1869
-458,561
-18,-1569
766,-589
-12,-542
1435,-213
-1476,-339
1737,-228
-1671,1719
824,158
-336,-1559
140,858
-317,-1337
-194,424
812,-1226
-544,1667
933,1550
-1026,1766
1476,-802
1376,-1658
1413,1111
1452,1067
-1025,-874
-1240,-1941
1656,-367
157,1189
-492,188
-745,-1161
-1687,-712
-1047,829
206,-230
301,-697
1650,1716
105,-907
-1880,-254
-51,-1647
-1472,-366
-199,1449
1969,433
-1412,-664
979,1294
-1193,-15
-343,1358
287,-1353
-805,1899
1953,1819
1026,-1239
1952,-478
-36,-1577
-837,1330
703,1054
-790,842
-502,-534
-986,187
-1609,625
136,1959
-691,-1852
393,-715
882,1650
1641,1933
-1026,596
-1076,-1386
-310,-776
-1762,1737
103,-883
151,178
-84,-569
-70,-925
423,208
1559,341
-1548,-724
-1199,252
-949,-761
-39,901
1140,509
-871,1391
374,453
269,-349
1132,1275
715,849
1497,-1240
323,72
-45,-911
162,-1198
634,441
-623,-1878
-500,1684
-1574,891
497,-759
-406,-1866
-1487,-1886
-1742,-881
1830,883
263,1973
620,805
-1462,1548
1236,1886
1858,-1303
24,1295
-187,585
137,506
1430,910
836,157
1000,887
-285,511
-160,-1285
1903,1270
-1576,-1310
-269,1363
-1984,-1088
1836,1963
31,911
1885,-1246
376,8
384,-426
-568,765
1974,-1435
1899,342
991,989
734,-762
-732,1342
1247,1769
945,1197
112,-900
-1631,1816
475,345
-1998,-1759
848,-914
-1064,745
-1399,-423
1229,-1574
-1778,-318
870,592
-556,661
-1631,-1083
-1887,1818
1498,-935
-1461,-1517
732,219
-130,-399
1780,886
-1892,883
-510,1018
-994,381
425,805
-1383,-719
1542,-146
-1380,-1844
317,1390
182,-673
590,108
-1452,-1943
-761,-412
1832,781
115,-1293
-283,1589
-816,-63
-1145,-61
1406,363
751,-16
83,-53
1036,419
-1940,-1881
-1675,1007
-1474,-1516
-525,-887
1195,-668
1372,-1019
495,-1389
-1382,-1108
1754,1513
906,-36
-1096,1165
768,-36
-660,-473
-825,-454
-1348,-1424
774,-1820
101,-1575
-1442,831
-1522,692
753,1991
219,-1406
957,-1789
-264,570
549,1860
-843,1715
-2000,730
-1295,622
906,83
239,-1021
-1047,-1359
-1754,1031
-277,-985
-1964,-1001
-5,-1072
242,-669
-1806,-1493
1314,442
-1830,1975
676,-1107
-307,-697
-1591,195
-452,1347
-801,57
-949,-1861
-1493,-557
-1094,-217
-747,964
1215,-1120
317,-1834
1871,1077
683,342
1723,363
-1724,1183
-1097,-43
-679,-703
-1930,235
537,1486
241,-1494
-794,129
-1274,-568
69,939
1021,1330
-1489,763
1734,1092
-891,233
-290,-828
1344,1632
1777,-581
1158,1734
-711,-15
857,1801
-764,-988
329,1799
-684,901
-182,-134
-257,-1777
-1536,1054
247,292
598,32
1828,582
1871,-1402
685,-1713
-781,277
-1290,-1746
-1141,1314
580,1791
-728,-1639
-1669,-955
30,1315
-1080,582
-1458,1368
1947,-669
1856,-1823
1099,1618
-1937,-344
-898,-1637
-801,958
-1216,75
298,1417
-1776,-1192
-105,-56
-1765,-1038
-116,645
-416,-350
-870,1014
946,962
-1609,-657
700,153
74,-1465
94,-1551
-1826,1861
-778,22
857,1288
1370,1485
-1401,-48
962,1870
1871,268
-1790,320
-1177,833
-1835,304
-733,1523
1717,1997
-23,-1165
295,1955
-1440,-154
-172,-461
-569,1741
305,-501
-62,374
-1856,-1849
1134,-1953
-1649,-893
1718,-1118
1695,-1925
1438,801
-385,738
-1827,1231
1846,252
-1560,249
-1376,760
8,-401
-1488,-691
-115,-1101
-1037,-753
-1955,-1827
661,-178
1445,-568
-899,1836
176,-195
563,-1767
-939,-1094
-30,-1555
10,990
1241,-223
919,-845
363,-502
1606,1945
1174,242
1942,1963
-1567,-1163
1550,1456
734,-1898
334,-127
-1009,-1316
-734,-1710
932,-692
688,574
643,260
-1232,-621
577,1296
-325,-713
-820,941
-740,1814
779,-1512
-1276,-1015
605,1490
-902,1253
-1666,-717
1070,-35
-1272,-1657
-1874,-524
-1386,1641
-494,-93
-1884,1115
-1838,-1789
146,1855
-1896,536
1991,1077
496,1627
179,-654
-260,482
-1044,1049
-637,-883
-582,1625
1673,-144
-306,162
-1094,1144
429,-1564
-384,-804
1802,-1721
821,1538
-1167,641
1938,-1622
-1407,1847
-379,-1573
945,-1805
1537,1288
211,-1474
1359,1087
-843,-1349
1539,1358
-1308,1344
-1814,146
-1173,-719
-1570,-1123
-806,539
-1540,1955
-254,-246
-1843,194
860,-1785
864,299
-279,945
473,-1167
1012,1558
-542,1037
-1036,-1809
1631,1163
110,-938
-128,1749
1911,1860
560,1979
-1770,395
-789,59
808,1261
268,-878
-1955,1880
483,863
-416,-1122
-1178,1040
-1259,21
-801,204
1274,-1849
1827,1916
-432,-1417
-606,662
755,1681
-1446,-56
132,140
422,254
360,736
-940,-1776
809,-898
-1740,-598
-1670,656
-1107,-647
-296,-1907
-183,463
1068,377
1713,-1612
973,887
-1933,-1495
-701,-1300
1951,1786
1222,594
-1390,1951
-1115,245
73,654
642,1165
1495,-575
1178,-1159
-1871,1760
-189,-1644
615,-821
-1202,-873
301,-601
1643,1611
1112,-1982
-1268,425
-700,483
-318,432
1457,-525
579,-639
783,258
-562,-1990
-1618,-904
1829,398
1496,1625
152,1278
986,1460
-541,1526
1085,1896
1549,998
-269,180
-623,-1253
-1619,1305
-1766,1466
-662,-179
1288,1976
969,1823
335,-1383
-577,-1085
510,-1693
868,57
957,1918
-1592,222
-337,-1494
1411,1838
-1961,1533
-1750,-1453
951,-392
-1442,-977
116,-188
-1954,547
1557,654
1628,-1190
11,-611
333,-1547
1322,-500
762,-973
-1676,-1048
-140,828
855,-505
1316,-534
-1555,-477
-1983,853
1858,-206
-1478,1401
627,-1469
1651,-1209
-751,1399
-820,-1371
1764,-1414
-1955,450
460,1917
-1762,730
163,-15
-1630,-1630
991,769
-1308,-143
1459,12
954,44
-555,574
518,524
1370,1579
1964,-851
1502,999
1981,1750
-64,-667
1617,-32
905,-1879
1972,996
-1331,1996
759,1286
490,844
1895,344
-1715,-1651
1883,-340
1525,-592
-634,1210
-625,-657
-1523,1610
-576,1970
1203,-833
-639,-1199
-1169,1729
-476,614
-33,100
1301,1837
-426,-390
1468,476
-1423,722
1727,1785
-1753,1355
1925,-1507
-1442,1753
-619,1251
347,466
380,-276
-463,182
-1971,-1678
1691,1689
994,775
-1436,-593
-1695,-823
-957,-1838
891,-892
197,-1773
1294,-379
-1150,1915
-823,87
1618,-740
48,-964
1528,1049
-1003,744
-1028,-50
-1690,1437
663,1854
1191,319
-1337,1527
-1516,884
-1021,1540
-56,1818
1576,591
1884,-508
-1999,912
-1817,-1678
1253,-201
-1949,-947
-1910,498
-816,1820
-776,-1605
338,-891
425,-1855
1398,-1725
1132,658
594,-1311
472,-542
-1014,1520
-1634,-614
1198,-1205
1015,672
1600,-1148
-1892,-1090
1748,1738
917,-814
1809,1562
-1943,82
-524,991
1396,1529
-1421,1640
727,-1326
-321,-412
360,-1280
226,1564
266,1576
-568,13
1240,-899
571,160
1787,-731
-1050,-1880
924,-308
1979,760
1202,613
-1232,-1666
-1220,-1000
-829,1440
-1397,-1427
799,-1423
-169,1300
-1641,-1360
-1838,-178
-1714,-1634
1273,1083
1977,1882
70,-575
-547,-1830
-669,1973
-1902,1960
761,586
-759,119
-1658,-1933
-1654,-1632
1581,-202
-1355,-227
-665,464
202,-1567
-1704,-1121
261,-525
-1603,15
-127,1733
32,1572
-1379,-491
206,-1567
-1125,575
-1984,1364
-219,1180
-907,-546
-725,-196
-1887,674
775,-484
-834,-1112
1122,419
-575,271
79,-1249
-1080,-1619
-1259,-1609
-1681,1348
-1814,-1236
-1471,-348
346,-175
1324,-1834
-89,36
13,940
-1206,72
651,835
1912,-32
-1537,-1998
-1183,-22
-47,-1870
-175,1526
1790,361
1497,-1374
597,-1004
-952,115
65,497
1202,-334
-288,519
851,-128
979,1426
141,-744
-1042,-754
1868,-1760
1999,-224
-949,-1750
43,828
-976,1837
1348,406
1106,-1733
-297,808
-1413,1791
401,1597
1896,726
610,-232
-275,-1817
1481,484
-747,-1345
527,920
-409,1293
-1199,-250
-283,1079
180,481
782,-1705
-1699,681
1987,-810
-328,-1483
-1913,-732
-1738,1659
-1825,1649
-1772,1374
-1607,-790
-906,-1515
-1143,-1773
-654,1684
1421,253
681,985
-718,1093
-816,1430
881,393
-1939,1174
1745,1191
-834,1901
-496,1012
-1774,-256
-676,1910
-517,46
1787,95
891,-838
-1526,-1114
-581,-106
-413,-1020
-229,-1587
-1353,-57
-1917,941
1755,-1642
1432,-976
-1664,-350
1259,1350
-838,-827
-1333,-320
-1630,1339
571,-133
279,-1223
509,1446
-33,1742
174,1490
-853,-556
-1333,470
-1320,275
145,-996
946,-909
-637,-884
1907,-1797
964,-366
1737,-1781
-92,-978
534,402
-1033,-840
145,-403
-1599,-1906
73,-1219
-914,1052
-822,676
-994,-985
-1672,-1221
1117,-362
440,115
1105,1405
-1330,838
1484,231
-1183,-423
194,1087
923,721
1140,-709
653,1710
1003,-1466
-1521,1192
1248,-855
-188,-443
-1129,-1355
-1700,-779
813,-1521
-333,1386
-1562,-1064
503,-1225
1609,1080
454,-1181
-1176,-345
950,1066
-202,-1928
1359,849
1821,-446
51,548
1928,-1525
1405,845
-69,-524
-1977,-621
-285,-837
-155,525
1895,-1999
335,1473
-1347,-1447
-1059,-1858
-198,-1959
1642,1106
33,-1119
-325,137
253,-843
1433,-1437
-406,1176
1081,688
-1299,1783
-1827,1482
579,-945
-1420,1071
-1193,1564
1756,-1926
1613,-1857
520,1501
412,-342
1436,637
57,-1141
-1003,714
1966,-684
870,-742
-1719,1251
1181,-1695
-1872,1171
836,558
-1997,1181
-1725,-1467
-1702,-916
-190,1428
797,-996
140,-1419
-1101,-466
-784,-257
833,-949
1345,361
308,-814
1085,-1732
554,-96
139,-1068
-821,1371
1117,755
1685,-1317
565,386
1397,1238
-1884,805
849,294
1678,-711
961,24
-631,1612
1951,788
323,-71
-364,1924
-957,1503
-1615,-1021
-1208,-1315
511,388
-433,-1491
1902,540
1392,1402
554,333
1671,-929
1548,-1360
144,509
525,-1571
555,-72
149,154
-1760,-1873
-1039,-1090
-644,374
162,-1663
1593,-1646
274,-1726
283,-1136
1954,276
1495,1634
767,-954
430,183
820,-1298
-1353,438
-328,1745
379,-1897
-1433,-847
-1862,-2
687,627
1387,1300
-1087,172
544,-1852
-953,-343
1128,879
1077,-1001
-1970,77
1976,949
-130,-831
459,404
1000,1047
-1016,1543
1533,-100
-1829,-1747
-1898,-1670
-1966,-807
-811,-561
-879,794
1571,809
-1565,972
-616,768
1962,954
1368,176
951,-1331
-1669,177
-747,-746
-1403,-1388
-1088,468
-1804,-451
-1517,931
-231,536
479,1057
541,1273
-1353,286
-860,1780
-1784,671
815,597
1095,1871
1723,990
354,899
-665,1595
1048,-440
1300,610
1444,-1844
1445,1132
-908,1349
-1595,1163
1529,194
-1529,1672
-1001,-1076
617,-614
444,-808
-174,-1276
1710,-276
-454,-1781
-1444,-149
937,-1806
1142,511
-937,-747
-487,642
1971,-1953
-1662,-1015
-1505,1640
-412,750
-1768,974
597,184
-1964,-978
1858,969
-1340,959
611,-1020
1753,652
-1590,-904
1315,1164
-588,-498
1204,1280
-254,1323
1571,-1304
-159,-670
-1236,-1406
-155,58
1812,1248
-555,-202
-1205,-540
-1217,1031
-1238,-1349
-1556,-1685
540,-1068
1486,-33
-1287,-964
-1194,-1559
1485,1335
1795,-1541
1240,-708
-620,-1052
1422,-595
319,-1703
382,-1998
-1798,-1189
112,1649
-1898,101
-824,-852
-1941,-1579
1447,-1416
-978,820
-144,-1835
1280,-1404
1896,-1938
-1120,-603
-1481,-625
-383,1667
-1973,-1666
1398,160
-549,-1416
-503,-134
-183,553
-341,56
-1951,582
-1083,1270
1534,-533
1518,1675
1996,-372
-1131,1011
360,1210
-258,62
-925,-267
-246,-396
965,-824
-466,1283
-753,38
1158,-282
1145,-386
1442,1300
1177,-259
1950,-413
101,1377
208,-1225
-1968,-1034
1851,522
-272,495
-1728,1977
961,1506
-1548,1545
1570,-96
1964,1269
-196,943
-428,1109
-29,966
192,1548
117,-1147
90,-690
1056,-1809
1786,652
1376,-955
-1260,-1602
-698,-512
-854,-1333
276,1930
1570,1944
1956,-167
1107,779
233,-1751
1913,-1734
-51,-1035
-1912,-171
1113,50
-260,-83
403,-1848
527,1280
-222,1422
1380,706
-1907,673
-1919,1960
-607,672
1978,1140
-1199,-985
-825,-1383
440,-281
-1641,-470
-1222,1470
1918,1891
-888,-1032
-1494,-397
1506,1889
595,-1979
-297,1061
113,1993
968,-1657
-1688,-1052
939,-358
-1922,-623
-692,1567
-1427,1586
-19,444
-1037,-969
-1267,-1547
-378,1417
-1753,-1494
902,1748
881,-1907
-469,1263
-539,1662
-1507,9
-387,-1563
-285,146
-1545,1963
1107,-541
-424,-1483
-313,235
-1331,-675
625,-521
1036,1999
-91,1820
-1063,1726
1525,4
-1883,-480
1082,-1389
400,-1299
-371,-1802
1999,1039
374,1383
233,-1690
1852,-450
-1413,-5
347,1015
-996,895
-236,-228
-1286,927
1470,432
-1725,422
-1222,-1576
-1440,-1457
1348,-539
1787,1317
-763,1698
-30,1466
-506,-74
-892,1248
-321,503
1048,1895
-499,204
477,308
-62,1372
1659,1274
693,-1544
-1432,1559
1115,-254
-1049,-1458
142,-1383
-1877,1916
-151,1602
1114,1657
182,-587
1676,1261
-1506,-1856
-141,109
-1088,1660
532,1425
-387,-1334
-1709,1875
-1265,1545
-371,-1691
1370,1080
766,495
1307,-1598
-220,-923
1629,1419
-677,-1599
1098,-1579
-410,-1438
-1090,-17
143,-1248
599,-1189
-954,298
-407,-613
-1050,-1026
495,23
-1835,-219
668,-499
42,1192
1679,629
-984,1715
1732,1200
-471,-1915
1031,1261
1206,-1167
643,-1129
82,916
-391,1183
1335,115
-916,1857
-104,1232
-1159,-619
-1435,-1944
-636,-1067
-275,269
-1010,-922
734,-1093
-1469,229
72,-295
463,1231
1311,-561
-1135,1548
479,1534
-1497,1977
-1782,351
-1079,753
-851,-1764
-910,1240
1729,741
-1032,356
-1140,-655
1245,-1240
-1400,-1038
-1154,1150
-1828,-78
1832,-1680
-1370,1935
-853,-669
-1574,1457
487,1728
-1148,100
-669,-896
585,1399
-1508,1300
-596,-1521
-550,-114
1836,1288
-609,-1712
-790,266
1560,-657
1993,260
1238,451
-370,-1305
-458,-914
-761,-927
380,-762
-568,1845
-673,-1663
-1648,-460
-483,-612
-1078,666
1775,-408
-1425,-1145
1816,1617
1033,1624
-1033,108
1683,353
-1029,-259
700,1706
310,-701
-1398,-1213
1738,1888
1371,101
-1599,-1784
1414,-665
-455,-1019
-1376,-1382
-1829,-764
91,769
-212,-1343
1865,1904
1661,-1494
1822,-545
-739,-1102
1331,427
1007,-876
391,-501
-1578,994
1120,-182
-276,1641
-1585,-1211
-942,-477
850,1282
1026,536
-1134,-1301
-1280,-1807
1293,454
463,-1828
-1842,1874
1888,757
1560,-1344
-1820,-1001
-1758,299
-285,-1473
1692,-842
6,-776
559,1345
-210,-727
99,-537
1767,215
1882,376
1431,-1608
-1383,-1043
-1519,-842
327,-1683
550,-997
526,-741
-293,-97
799,-646
1781,-628
1714,-1602
-783,1674
810,80
176,1900
-73,478
-1169,-1131
-1163,796
-523,1960
-1742,1115
-282,-1972
-1139,1284
-1131,-1960
-1062,-1966
1270,1216
1410,1993
-271,572
-1465,1334
370,177
165,-411
-1699,-1345
-45,1785
446,1223
-1815,-1268
1535,-874
-100,-1181
307,-1486
-635,12
-1808,1215
-1697,-1609
186,1007
1967,-1426
-583,-1756
1566,-270
-116,-1629
354,1844
-1737,-521
-1093,-1299
-1736,895
-1287,1563
-1800,-11
1306,984
989,-1572
497,-1704
-837,-1211
66,-1441
426,-1442
-438,-1028
-589,-872
-1732,-186
-1179,659
-1658,-494
-668,-440
1874,974
513,-973
8,1309
-860,1851
817,1104
677,-1569
662,797
-1733,1310
807,446
-884,-1149
567,1192
675,268
485,166
-353,-363
-874,498
-536,-1882
-611,496
1532,1781
924,967
-1336,-71
-1372,-1955
-590,1517
153,1998
-1517,381
753,1960
-734,817
123,-923
1227,979
956,1894
-1185,701
-268,745
1957,420
-705,-953
1998,1339
-1768,-1587
1286,1638
-1896,52
1894,604
-484,-1889
1159,727
4,1105
593,-452
1176,-568
1137,481
-1115,1370
-663,352
1541,-1590
-1407,599
669,1191
123,952
1984,1314
1828,-812
-944,-1079
-25,-577
452,1637
-5,-128
-283,-1876
-963,-424
-1677,-572
-1992,1580
1445,-1451
704,-688
-210,-886
1087,50
-518,-924
-569,-1215
-713,-870
-954,696
817,-1680
759,-1910
1750,-653
1652,-53
-1704,-1169
233,569
-1840,941
1381,1414
1984,1037
-726,1123
-719,-1221
1731,-1942
1371,-911
-1675,744
803,-343
142,1733
-962,61
-1990,-239
-492,-1091
-235,525
1952,1868
1115,1396
-44,-584
1402,1092
-1351,-1452
-823,-212
1524,1684
818,1875
-1501,1252
586,2
935,-1692
226,912
1116,-1852
502,1257
1476,-936
1826,762
866,1273
757,1435
1537,-1640
1821,1209
1237,1119
514,-1825
1241,1670
-625,1024
1175,335
138,-860
1927,-1473
-1467,-83
751,665
-19,-1947
-1400,1976
-1600,-859
1473,264
636,132
-963,-1982
-1582,-1862
-1193,1955
313,304
-154,1863
1150,-1401
507,-857
-1031,33
-345,-1779
1468,-561
-166,-1265
100,1368
230,528
-782,419
-1054,-1425
1907,-1854
202,-1975
475,-741
1060,722
1713,1683
1341,1067
-1148,-167
-430,-608
859,493
-917,-542
1481,-661
-1343,1916
-97,-840
1472,1812
-1220,-1944
-1496,-1472
-960,-183
-1619,481
158,367
1887,1601
-561,-355
1188,1733
-605,-563
-1440,47
1907,-1348
951,-1230
530,-939
-1623,530
386,600
668,1912
-1758,-633
-840,-1808
-603,1101
555,1471
-1666,-1141
333,-444
-617,1025
1597,841
-1406,85
1162,1382
-1018,674
591,-110
891,1792
-426,679
560,1420
317,401
-119,-651
1461,1875
-697,930
1446,-1001
192,1443
81,879
717,786
-1266,236
1666,-1626
436,250
152,-12
567,-1962
-730,-1695
-1877,1133
-1169,265
1414,-1389
180,-667
-444,-675
-534,61
1444,-1445
6,554
-1296,-1099
-11,-1658
-1542,225
-215,883
-1855,-674
557,-508
-557,1937
-1607,-1940
1868,-1447
-255,-95
1949,-271
-1081,1613
1256,-767
-1230,-431
-1272,1569
-650,-331
-1971,332
1874,-16
1508,1341
1625,-1135
1846,-1976
744,1512
-1977,791
-713,-1772
-98,703
1835,650
-955,-1089
-1465,-514
774,373
-1054,-1518
1429,-515
212,728
-83,998
-918,1029
-1006,-45
1049,1524
-458,1611
-145,1203
-169,-419
1636,334
1701,1747
-2000,-1513
1729,626
55,1743
-543,-372
-1441,1300
-1871,610
738,1862
-621,1273
1855,1943
-1977,1111
-662,623
-1211,1658
-1564,-999
-1401,374
837,462
-892,1449
277,1660
-1001,-579
1083,1746
606,-807
-1651,1707
-801,1060
-346,-524
-1468,-1929
1813,-1348
-1881,1918
-1966,503
-855,-1781
363,751
1051,-1098
765,487
288,-747
-961,-1779
1098,-300
-1289,124
1121,658
816,1579
482,472
-1053,-202
-1052,-1099
82,-218
1654,1691
1844,-1152
707,272
138,295
696,-1902
-48,-882
764,1451
1392,1182
94,1388
1648,-1344
-1011,-87
-949,73
-1344,1937
-67,-1089
-810,-1048
-1992,-629
1303,770
-428,1085
1530,958
-829,214
-1088,-1123
-1117,311
-1219,-290
-692,-1116
1079,1656
105,1300
-986,-237
-1245,1655
444,-1661
537,612
-194,-1310
396,862
112,-856
1591,-925
-1104,-1622
-772,-975
696,-212
1177,-43
454,-28
-1159,-1039
313,-1811
550,-1367
-1966,772
-1443,683
-1542,-957
1946,-1031
802,984
-1614,1396
1156,-831
-1024,-218
1929,-1530
-1513,-533
-1244,-1518
-1290,1021
1244,-817
-1767,1883
1288,-1954
1388,1686
-910,1936
922,-1192
189,-668
1188,1425
1155,1086
1678,-257
535,1023
-1517,-711
778,167
-1352,-40
-1495,-1596
1566,-125
515,-1131
1009,-267
1736,1823
-610,1069
1548,-533
-1439,-14
-21,-389
732,481
935,-345
163,404
781,-199
-460,1745
1014,-671
1253,-852
105,-1867
278,-1382
414,-632
1957,1971
-739,-1883
704,-1341
-1820,-1655
468,1261
135,-997
-700,-196
-302,-279
-394,1480
-406,32
136,1
-1038,-1753
800,-1092
-470,1817
193,-105
1841,1373
-1448,-375
-85,1284
-1034,235
1949,-1186
281,-34
-619,-583
-1821,216
-409,1495
267,-1650
882,-1206
-1742,831
-702,1231
-1266,1146
-1554,741
-1757,-1491
-1151,488
-944,-724
342,1038
-251,1850
828,926
-1006,119
-1543,-216
1914,326
1931,-1468
-1722,-998
1353,11
1398,-515
1929,812
1523,476
1691,-148
672,1073
-1391,-1027
623,-1586
1922,1113
-2000,-28
-156,860
1507,1358
343,-1604
-1138,-227
-703,-1178
-1461,-352
-1516,629
793,1999
1739,977
1011,-1547
51,-1502
573,-1193
1223,624
-134,1893
-1869,569
1467,-996
1978,590
-462,-1066
-365,-694
1892,-1137
46,1199
-675,692
853,1887
-866,970
1261,1492
1457,1208
1340,-356
-1155,1075
-1500,21
245,452
-1747,1473
522,823
-1823,-218
-703,259
657,709
-128,337
1877,-236
-767,747
913,314
73,-1982
1971,-633
146,-292
1944,1998
-316,-1928
-466,-864
259,-609
-1100,165
674,-1847
1278,-1063
597,1929
853,-1439
1316,-1386
-1605,-1207
-997,183
1900,1724
-1026,-1589
512,-705
1498,1522
1389,1450
-1225,-453
-407,-508
-694,-1494
1645,-1702
-282,-507
-363,-1477
1554,-1188
-1213,-1581
-234,564
-92,1890
751,1550
-598,1529
1442,-1960
1081,-1232
-307,-1361
893,1543
-807,-273
1336,-777
-500,634
-1190,-173
-422,-703
-1464,-767
348,-1903
1663,-785
-1863,220
-781,-13
1248,-1533
16,-796
1816,-1090
-447,1454
335,1608
1998,182
-338,873
-1472,363
-242,-1599
-1088,-347
-157,1102
-674,701
1302,1403
-306,-505
-15,1157
364,-304
1556,-1782
896,625
1668,-1392
-1988,1485
1443,1488
259,-1203
283,-611
420,-235
-1101,-651
259,-1085
-1660,-1597
-1095,643
485,-275
562,-878
1155,673
-364,1581
1645,-841
159,-1099
1451,1603
-624,-927
1134,251
287,-960
258,1023
-535,-1398
545,1385
1832,769
-1055,-1774
-1411,1289
333,-1187
1808,609
-1070,-1883
-1041,414
1487,1951
-526,1187
-1616,-1013
1823,1854
-1484,-1251
-952,1217
-1015,-1598
1810,-644
1146,-1519
-1423,-716
1951,559
-1489,802
274,543
-1172,1578
386,-156
-1504,182
-1216,1844
-1797,-817
1239,508
-1491,856
441,906
-1151,-1721
308,475
772,-576
867,-351
-1788,111
-1152,975
563,-1758
-1992,837
1035,1313
-1513,-1101
555,-1269
-254,-1332
1984,-1682
-1788,-119
255,-862
416,-1354
1646,931
-1979,637
1090,778
-1216,-659
-1213,-1721
-1270,-1146
-884,-1188
1154,-1340
-369,312
1974,-1018
-459,911
-1477,-1894
1667,19
-1732,391
696,-1774
-146,342
-1069,1611
194,-1699
-1135,589
-12,-887
948,-1297
-543,1160
-417,646
1077,369
605,-986
-1950,-1104
386,663
-211,-622
585,1971
-1374,-119
-1123,1338
-1241,-356
1396,1235
1198,1263
1108,-1249
-636,-1270
1529,-69
1031,-1944
-433,-1070
373,191
282,1500
31,1766
437,-1096
572,-248
-169,-1951
-1798,-668
1841,879
-1361,190
-1228,-1203
-1554,806
-1392,-1645
-1675,-413
216,256
-1438,891
97,-75
70,546
-152,1328
-1486,-1988
1235,100
1838,-80
1968,-1294
8,-1876
-1223,-1978
-1846,335
-551,-592
836,663
1481,-1412
456,-1144
-1293,-463
1205,1205
1336,1507
715,718
-1075,1046
318,518
-833,-1456
-1531,-33
-1001,920
-1551,-172
-1543,1841
635,-1885
966,-723
-1386,-458
1442,-816
-572,1613
-1296,675
-1083,-1783
953,-1232
1769,-1449
-373,-1471
7,-1385
-1762,-688
198,-1784
-1934,-1398
632,-847
1172,1957
-601,-465
-769,-1670
1288,-970
-1825,-1183
620,390
529,329
1780,1580
1447,-560
-635,-207
968,-1691
369,-573
-1581,439
341,-642
-733,-1927
1762,471
782,374
690,1189
1672,-469
252,1068
1958,-475
1603,-953
1628,471
328,-687
1543,-1737
1888,-15
582,1718
-767,-1248
1539,1563
886,183
-656,1788
-47,-486
685,-584
544,347
-1243,-525
-168,-1780
-1160,366
590,-731
-780,-830
-1691,-1586
-164,-1063
1697,-1527
1131,970
890,-1888
-431,-1169
460,-602
-868,420
1355,1581
466,-1730
1044,-1117
-1253,294
-33,-1207
-261,1105
-751,-45
-451,1981
-1555,181
-1141,1482
-278,143
1689,-1838
-736,1111
-1790,742
284,-1888
747,-1177
-1645,-28
-1629,1982
1556,-1325
-1076,-8
1781,-648
563,546
-625,1700
1754,-131
422,-1670
-1544,-803
1024,1046
-778,-124
1816,1499
-1350,-906
1834,183
1376,-1160
-1554,-587
452,1290
642,-674
189,1279
1279,-1683
-829,-1579
174,-1106
-1903,-395
-269,-1934
-187,1256
-409,1266
-27,-1421
1060,1470
1788,1905
-1158,-895
1505,1516
1215,-302
1880,-968
-94,-1479
-1998,-116
1792,955
-1680,-770
-1680,-1339
1637,-1767
-1607,-1359
-1191,1597
323,-1256
-1399,-268
-1878,1556
-1716,-436
-881,-304
1745,-1962
-1750,-145
1540,570
282,-938
335,-971
-260,631
861,912
-646,-1413
378,958
-1222,-1717
118,1938
376,698
1704,-646
142,882
15,1084
1199,1978
-492,-277
-365,-638
299,-986
1772,-629
-1543,-979
1496,1685
911,1249
-977,-1275
1108,1207
-932,851
-767,-103
-1719,942
-219,1881
-1581,-884
1001,1331
-1444,-1198
-178,-1378
1823,925
1746,238
-834,1834
242,-1239
-329,-600
809,-317
661,-1160
1815,1177
-1597,158
-163,-1113
-1925,-857
-1116,-1050
-1476,1494
-1795,838
59,-1523
-957,579
-1072,-972
-1156,455
-1263,-439
-737,-1028
1693,-411
-1008,396
1934,1927
1447,1271
17,831
1198,1008
-1038,1401
1417,-1291
336,-1629
-657,1769
943,-1315
-233,1967
461,-68
-18,997
1516,-773
-1947,635
-1138,-1665
359,-1554
-737,-1722
-920,-1050
1484,-1621
1977,520
-1423,56
503,-648
1328,-984
1861,-593
-450,1751
1582,-651
823,1545
-1524,-228
114,1844
-506,-392
751,-884
371,1406
1388,521
-642,1528
1175,854
-1470,-733
1086,-1416
-1324,-1051
-222,-1127
-160,270
106,-1392
-628,1642
-748,399
-647,1568
-1402,1513
743,938
1027,542
1656,1713
-231,-1852
-531,-1948
886,-1933
-20,917
1339,1837
1667,-1808
1481,9
454,-263
216,699
405,961
-1177,-1855
761,-956
-1715,332
1869,514
622,-855
1977,-327
1673,-277
-199,-1957
-1074,1943
-228,-975
109,428
872,620
-1399,-1203
-1893,547
396,236
-1971,686
1300,-1548
-47,446
-1077,1523
-870,1367
-972,1474
954,1675
449,-1421
1894,-1612
1474,-1706
-1163,-659
-1320,936
-25,-1875
1447,-872
931,1282
201,1207
856,-1914
-1056,-228
-219,352
1796,-463
-1132,954
1178,765
-320,-838
-347,-1457
1496,160
1814,-381
284,155
-1025,-1163
1540,1800
1094,-65
1344,-1816
-427,-784
1850,156
-1138,620
-1064,224
-1669,730
1085,1089
-1437,814
-1041,-1540
-327,-1549
-1805,1813
207,628
1940,81
584,-377
1763,1840
-1430,-362
1657,-214
-1230,780
1143,-91
-1214,857
1646,-624
1109,1730
699,511
1939,-760
-22,1604
1600,691
283,198
-145,186
546,-479
1429,626
1896,1146
1016,-1327
-1552,-1124
-1403,-1027
-1132,-12
1280,1942
-52,1413
1078,-227
-336,201
-1841,192
662,1542
-1216,-1117
-395,1000
924,940
-214,736
874,1514
-1929,441
-1486,1187
-247,-1198
-1742,-743
-1229,-1379
557,1657
-10,-1740
1634,1920
-62,1234
-710,553
1046,1173
1403,-1353
-605,1006
-1222,-292
-145,-862
589,-1212
853,385
254,-255
-1559,992
572,1171
-1319,1013
1356,403
559,1295
796,1533
852,-1329
-968,536
-1553,518
-234,-1308
-118,-1971
1675,958
-299,1883
-159,1170
-700,743
-160,382
-781,-1414
-120,1855
1162,367
-31,1371
-1284,1035
-1046,-374
-1623,-1901
-210,257
-1404,1966
1108,-1604
46,-168
1749,-1048
-31,287
-1911,-278
-1111,-642
-550,1615
-1588,-1900
-934,1681
427,-704
-1487,-893
928,-677
1646,-870
1863,914
-738,-968
-134,1055
59,533
-1100,1187
731,-692
-681,-350
-118,959
-1944,-869
210,-1496
88,-1150
-1898,1118
-1026,-1733
-1026,1952
-448,661
1325,1793
1841,-671
46,1840
1460,398
365,258
-1058,-1949
-446,-994
986,-1800
-1176,1509
-1402,-1903
-1173,-163
122,-1001
-416,760
-1047,-971
1582,-1115
-1889,748
-1142,-237
715,-1197
-1470,1341
-841,-625
1935,-1705
1714,-725
1869,-1004
-1874,-908
-986,-1039
-1307,1972
202,-1151
-330,1833
1915,-1867
782,1536
5,935
-1374,-1133
491,-316
-1607,1629
668,-11
-1786,-1738
-155,-1496
1874,-784
-672,1344
696,-468
-791,1429
-1270,-71
529,360
-590,426
1004,360
-1742,339
1094,-646
-1907,-864
1362,-759
702,1938
706,1930
-1146,-1161
-1806,-1174
-1084,-1307
1727,54
1820,946
-10,359
-134,-1293
38,616
591,527
439,-1691
1274,1631
-1228,-110
-1693,1477
1892,-139
1440,1382
-41,-47
-1062,-1402
-1252,367
810,-450
79,1259
-1955,1340
814,409
215,1495
1037,1427
627,556
288,-1984
904,-1989
-10,994
-568,280
-1499,699
1442,1070
768,221
1223,854
-635,-1075
-470,1808
-1678,1427
-1024,-1764
1976,1633
-698,792
-1944,-1218
-30,-778
-1974,-1939
-830,-104
-371,-1985
-511,-629
-1639,-1935
-824,1821
639,163
1073,-131
-1838,-873
-1626,-178
-1809,-1886
1608,967
1143,1906
-1620,-438
381,-708
1631,479
-965,-1663
-1429,-884
447,380
1009,435
131,-1397
1526,-504
-1382,-1257
891,-723
870,1121
-1404,-1427
-697,1323
634,-207
-1202,-1983
-405,-1502
1487,-190
-945,1660
1333,-881
-1466,234
303,-1586
317,932
616,-1029
-16,-766
1717,-1172
-759,124
-1369,-353
646,128
-640,-1053
1689,-1042
-1022,640
-151,275
-1725,1348
-427,-1312
-1987,-1526
-359,967
1953,-1559
-855,1810
1868,-1418
90,-992
178,-297
1280,-1092
1463,134
1426,475
861,1278
-1910,1746
1847,1508
1032,-1262
1691,-651
1750,-703
-106,680
-185,1878
1082,224
-648,241
915,-463
-1128,-44
439,-1972
-956,-1470
-1253,584
-1717,531
738,-1105
752,1361
-1488,354
-1170,850
-739,1322
-170,978
-1402,-1028
1587,1516
-643,456
335,628
-640,319
1294,-1835
-1081,126
-360,-1694
-137,1307
885,-133
1812,1387
-752,510
147,-435
1918,1095
1357,-233
-1928,1990
1487,955
35,1884
1614,-1643
-1999,-1359
-168,-716
0,276
1638,834
-351,-176
-754,-846
83,616
-363,1925
1102,463
1698,1913
1947,-410
1965,-1073
320,403
1718,-1417
378,186
-174,-454
1379,-1669
-1345,-92
1363,-985
185,-564
1314,-832
-1338,1121
1003,-1203
811,434
-243,-1545
738,-1766
1931,1826
611,-1625
-1613,-1813
767,1734
1660,-517
-1269,-788
-24,-187
793,1827
-119,1730
451,1583
1760,-794
-1631,-1188
-1824,-290
442,-570
-399,329
-42,-411
-1999,-592
1714,-173
148,1699
1229,-230
1740,1746
-1633,-449
997,36
650,1509
-761,-456
-1336,1824
-354,-1034
-1212,-1257
86,-1136
133,821
-1985,-582
-1084,-980
272,1251
-546,-1914
1864,623
101,457
-336,-1709
-1038,-570
-1155,813
1269,-673
-1103,-1763
-403,-237
737,-221
-1870,-1209
-1423,-1386
-1104,-1102
-1989,-1346
718,1797
270,368
-276,-779
-141,-572
332,-538
43,-1741
262,-1418
-811,-302
-609,1892
-1844,-26
-1931,-933
-980,1091
-1007,254
-1035,229
703,-1358
1896,-1558
793,546
142,-1014
639,-781
-1224,-1196
-1853,-1978
-831,-1050
-767,-1757
-688,968
780,-1561
-838,-1722
868,1517
388,1512
-1789,-1934
550,-112
-458,1512
1994,-1168
-1175,1689
-1196,-1915
1787,-1770
-804,563
1361,731
-618,543
-1946,-1920
1619,-1853
1184,1663
-1536,-367
-1570,252
-596,-216
-915,1782
-888,-116
1946,-151
-1370,1925
-990,541
-1532,1622
-1723,-1777
770,-1833
-904,-1446
-370,-1902
-1382,-1950
-1407,-905
-321,701
-29,92
-120,-994
-791,501
403,1310
-1473,1163
430,-1239
-128,1276
775,-1469
-862,-16
1631,1301
-817,-589
-1858,-40
1581,1939
-1376,1597
799,-872
-468,1878
-731,27
421,-1468
1695,-604
1241,1310
-1873,1540
-649,-1381
187,-1525
-1827,381
-143,967
-1808,-1286
-1242,1691
485,1864
1463,-1865
-1252,132
-1423,-135
1324,-1697
1835,-1504
1497,-1915
-591,-1431
-734,1387
-4,1960
727,-492
508,-1979
-856,1409
279,336
-1159,531
-884,130
-398,-1538
-80,-1102
-110,972
-1702,-944
67,-1846
-454,-959
712,-1325
547,-264
-237,471
-918,430
-812,168
-442,-867
396,-159
-1257,959
1408,372
-1692,285
-440,-1426
-1348,-1865
-506,-728
318,-1040
-716,-1107
-1996,-206
-649,-861
-1030,133
-1840,-872
-291,1767
1009,427
-1762,1161
45,83
-619,582
-313,784
-589,65
-1108,-1940
-448,922
-995,1646
-1790,-660
-795,-1253
1599,-1562
1417,937
250,-732
221,641
1017,-631
1555,-944
-1561,859
-850,874
1269,1723
-619,-1604
-1700,-832
-1437,1805
1438,719
-198,-1873
-1622,1497
-1608,584
-1218,-1583
386,-8
1094,-856
670,-698
1634,679
-1059,299
582,681
-620,-69
1660,-1454
171,-757
772,-1553
-818,-413
-709,1675
-1950,-990
1081,908
1362,1896
-460,-1528
-857,-859
-1086,-1721
86,-389
1276,-1322
915,178
159,-123
1091,184
1260,318
1199,690
-1042,-862
-972,1892
-1381,1154
248,1081
1844,663
119,-1424
167,126
315,1859
-1100,-1869
810,-1675
-308,9
441,1815
-1355,-1980
478,1206
-406,691
1732,1413
-1729,-1043
-1640,-61
1731,-1241
288,-215
-1506,-593
-566,1970
89,1320
34,-569
1341,-1150
-770,1286
-876,1365
-332,1838
1772,-70
1739,-1174
-1478,1318
-658,-264
219,1124
-515,1076
-395,-658
-898,-859
-1508,1128
1105,-956
1648,-583
929,1381
580,-794
-1611,-412
1177,1453
-1753,-1139
1001,-1925
-532,-1721
-736,-1654
114,-322
229,-805
-760,1451
-906,-1012
1686,-637
-15,150
1486,-1607
175,-475
410,-1232
-22,-748
1909,-190
-1856,-667
-1130,-378
816,-1733
-1690,257
-1248,-268
115,-405
641,229
285,-547
-1461,-204
1901,212
1282,-20
710,1477
1370,193
83,509
982,929
-128,755
-1973,1874
-1563,1677
-1372,1645
1789,1900
-865,599
-747,-1707
1524,-936
447,1724
118,-1062
-1946,-753
50,544
-4,668
-556,1600
-1552,-1792
905,-961
-1029,270
-1152,-313
217,-1064
-663,903
-908,-1540
1311,711
284,-626
1954,1511
-876,894
1340,1459
-1850,-1370
-1306,-1211
-1930,147
-253,-1001
-1517,-691
1994,1954
1322,-380
1473,537
341,441
260,1147
-1551,-1626
805,-1063
-1683,1067
-1938,1125
-1794,1878
898,1106
-1617,1870
-767,270
-1162,-388
-1494,889
1122,-425
27,-32
1072,-54
1139,59
349,1412
-1639,191
1046,1468
-810,-64
-181,287
-1859,199
994,-584
842,-148
-345,1146
-600,-1296
1121,973
813,1626
-160,370
-864,-1684
851,-1835
-37,769
-1226,-818
203,1349
1896,-1644
-620,-1327
-1990,1471
-910,1505
580,-1096
-518,-1612
1809,-33
255,-1984
-5,1721
1616,47
-1582,1620
-1826,1978
-1995,-1288
156,1440
-1341,-373
1503,963
-757,-1279
485,-737
-1185,703
1105,1543
-1657,-726
1652,-929
-1294,1937
425,-464
1479,-236
-1993,1707
186,-1265
-1767,-867
923,1543
-1191,1835
-1880,1551
-1544,1259
-1790,791
-1013,1406
-451,1906
1600,-1682
1200,1283
894,543
429,868
-22,-1003
-1749,1874
1574,-1213
-1442,1112
180,-533
-1912,-1418
792,-1961
361,621
-1445,1458
1458,-1942
-980,227
1464,333
-768,1319
1091,1269
-421,-1301
-954,1579
-601,-509
1641,-1689
641,1258
1154,1186
883,1238
34,-871
-69,-1801
-1845,-1446
-1301,1868
1855,-465
1322,-1375
436,-476
120,1801
-668,-970
-338,-1387
-863,634
68,814
1606,-1528
812,180
-1016,-830
-197,1907
-1269,996
1480,-65
241,-854
-723,461
-1619,1496
-1301,1517
1398,1450
394,-857
1559,1145
-739,689
1059,1415
1732,426
742,1991
-1077,-202
1814,-1652
-208,-1641
-1752,-84
1570,-316
543,496
-1052,1736
-416,1819
753,698
-735,-1516
-358,1269
-1281,-622
203,-1389
623,-1468
75,-1557
972,-1926
-702,-1181
-1297,-1357
277,-1100
1181,1603
-1460,57
-806,-1343
-843,1939
-1029,-1493
66,1949
-1223,-394
813,-602
1121,1238
123,-496
-727,1413
446,4
-1827,1204
-459,1200
-1865,1452
879,-897
237,1983
1612,-1677
837,-752
772,449
-637,1756
576,-760
1315,-1213
-1466,-688
-1823,887
-1773,1307
1621,-896
-1727,619
1469,1545
1800,-2000
-205,1099
1057,-692
-1570,1011
-1275,-283
-316,-206
-620,1413
604,-1438
369,466
1569,1264
-1398,133
-93,1643
-1930,361
-872,1063
-1769,-174
-1776,-1907
863,1208
998,-445
783,78
-302,-173
-1221,-1181
1147,603
-1047,21
-1782,-783
-1352,-660
474,465
-1059,-1318
971,-476
360,-851
1493,-1650
-1787,-401
-998,1333
1727,1819
-1708,-215
1599,1435
974,1044
-1902,1410
-1425,-801
-1944,67
1904,-1058
1945,1996
463,-1895
-734,-541
1628,1688
77,956
-399,1995
-306,-588
222,51
-1302,-1651
66,592
1043,-1242
-1322,360
-1522,-1963
675,-815
1941,644
628,-133
-777,-1306
1830,-1763
-1315,-1324
-1477,1434
-983,-727
654,1392
1495,182
673,1789
805,-1342
-141,-146
527,-1310
653,-1979
1459,177
1819,1350
1075,940
1656,-1250
216,1869
1505,-463
947,-671
748,1278
-1344,584
-910,-239
644,-1847
-57,-1978
-683,-720
1739,661
824,-1339
-1000,-1346
-892,1641
-1796,-1487
-1850,1807
-1215,570
-993,-1643
-1401,-1528
-24,-1922
1619,-103
86,846
864,-1884
-1961,1185
-460,-190
-900,1576
-562,-615
-1359,641
1531,839
-953,-1070
-56,-1273
1747,-1023
-1134,195
1200,-1453
-1287,-1993
1055,351
1491,189
-433,1582
925,635
1463,530
-1365,-1467
-257,-480
-1503,-401
927,747
474,-236
95,-354
453,-612
-1986,918
1521,-403
1871,762
893,1425
1245,-1928
-303,-1376
-1201,-803
651,1610
1734,1936
498,1795
515,-981
-185,-213
-91,-201
1561,1369
1329,1284
-1673,771
-758,-126
1504,-755
-1024,575
-522,1100
-1499,444
945,-1707
922,-1618
-1520,-1850
-1432,1775
-1749,-1231
1546,-322
-28,801
-600,185
-101,-1238
-577,1942
-1952,1298
1276,-455
-1500,-1195
-1977,1940
1288,-1031
28,1473
-233,-1808
-172,149
-336,-253
-766,738
-1733,705
1690,1516
1788,-1948
-404,-1851
-1307,476
1390,8
-442,-486
407,1710
736,1915
-984,-272
888,-273
37,185
-1625,-731
-799,-281
-307,1845
-40,319
-59,777
-1995,10
1524,-439
-396,1807
1339,1570
-1566,718
-307,-1838
512,-1673
1210,18
551,-1339
-1399,-288
1925,-1350
-1660,808
1573,215
-83,-913
-1267,376
399,-100
-1375,1387
-497,-1373
837,-245
1313,-817
-1153,1789
-1865,-340
1915,1734
1140,1454
-1112,1543
-225,1345
671,1878
-1389,-1234
1700,570
467,-1434
-795,-958
-1477,-1874
-864,1411
81,-1176
354,-1299
603,570
841,-184
426,1212
842,-720
1331,-1565
527,-822
-961,-154
-1992,1634
-296,329
-1342,-1949
-1564,1934
1990,1458
-562,372
-1544,1255
95,-855
-1873,-1720
172,-1484
1956,1508
-1943,-552
372,1001
1115,-1434
1760,-61
-1141,-30
-1708,-1166
599,-177
1316,1830
-638,-1670
465,730
1740,1120
1867,266
1596,1245
625,-46
153,-622
757,1924
-136,-974
443,1830
-1744,841
319,550
1449,-855
-395,1978
-909,-205
-180,-1416
211,415
1516,207
1400,1000
-1153,-1823
12,470
-756,-451
1702,841
-546,-1635
1340,-34
-61,-1607
917,-1342
464,517
1213,-431
34,-1490
146,617
1407,428
-933,-80
1243,1253
-744,-258
-649,1151
-940,1225
355,1311
-1289,-1941
-124,98
-1128,466
1617,1750
-1424,132
1111,1911
649,1644
-1763,226
534,-1083
1986,1943
668,-638
-863,112
1518,1720
-1001,-968
22,-1047
443,1002
-1521,-114
1548,-857
-1616,672
-439,1779
-1693,-1757
-7,-1235
339,-1745
-1750,-279
995,1116
-73,-820
316,809
1699,-1853
-609,-951
962,-735
1080,1035
-681,-1613
1171,-1467
280,545
200,1596
1486,-29
-462,-1005
1208,-739
-802,1453
815,-1351
-1665,-96
-605,704
-1794,569
-1595,1300
782,197
158,-819
-290,1955
-1092,1134
-1049,612
-883,-893
-283,1340
-188,-1542
-61,1768
-1671,1883
-1297,1147
-1651,900
1868,1479
1291,-1978
1894,1637
521,-1322
641,-1119
-1618,1904
426,1381
-1074,1615
-1041,671
496,-1086
-886,-846
-1008,-1365
248,-330
-31,-135
-856,205
1514,1600
272,-1692
-1551,-302
-1511,897
-426,-932
922,-1425
-842,-1377
-286,1924
-1520,-278
431,-1301
995,-559
891,-590
-394,-1396
1654,-270
-1934,-594
1039,-554
-1174,-1921
-1460,651
-613,-199
26,1955
1358,-1764
-354,-219
1178,1774
777,756
454,-1422
-1398,122
1772,548
-35,1874
-1991,431
1057,-1489
1233,267
1384,812
-1552,662
1831,80
-53,-914
-243,253
-1451,-1624
-879,1622
-1250,240
996,-501
-1131,381
997,1538
1933,-1328
-1357,708
158,-1879
1341,737
-829,-1498
-939,768
-255,729
-1532,1287
679,1573
1143,-1468
-432,821
-1930,-170
-1051,633
-1259,-1221
672,670
260,-1770
-1332,360
993,-804
872,590
-819,-900
1194,-1485
-420,-567
-1696,-1412
-1114,-1051
1873,-13
347,-1077
387,-1449
-237,-455
-683,-930
-1694,1656
620,-1272
-981,-1046
1356,1473
1612,-1041
1276,-430
-9,1204
-628,-764
1184,-1607
-1870,275
1042,1468
-369,1867
1917,-377
-1519,-1566
1802,147
1553,-622
1135,1368
-1635,-879
-1059,-1614
-496,-146
-1034,-1583
605,1225
1917,-1251
587,-1648
-410,-1756
250,274
460,-1406
-1596,1026
417,-628
-1346,906
-320,-1575
-1667,969
222,-1363
-202,-1237
-1121,-1629
670,-221
-507,-1898
-1200,-345
1091,-980
749,1928
1872,-928
1437,-1299
984,1450
691,1323
-1908,749
-1329,-1789
-1288,-99
606,1272
821,-1397
1660,-629
-1611,-817
1721,1525
-1028,-783
1688,1856
-753,-1260
-1260,1858
964,1343
-898,760
-423,-152
1218,-453
1056,-1537
1576,1377
-1928,1909
1302,1234
1495,-1976
-174,741
-733,652
-380,-1641
416,215
-1990,808
-1789,1640
998,242
-570,-1547
-1342,1830
180,-1743
-1164,613
1636,438
-1364,-1897
-1022,1876
1290,-1204
-888,86
1436,-1427
-819,-819
-795,-290
-1580,987
-1190,-1262
-283,1694
294,1579
-1800,-1960
1293,845
205,-1545
333,573
889,-1979
-544,-1445
1339,302
-610,-1031
557,-1559
-1408,-745
1782,1094
1183,701
-676,1651
1243,1908
1271,170
1143,-575
-1888,122
-734,927
-504,1904
81,664
-1787,-63
-345,-161
-1689,1655
1334,-1299
841,-1385
1183,951
1379,-821
182,808
-644,-1168
289,1696
1565,-706
-1281,-1367
417,-465
-379,-495
872,334
-1469,201
1835,-1474
294,505
-342,-156
86,1885
1696,-1838
-1536,1409
-1544,-208
206,756
1881,553
529,-1844
-1219,-721
-671,-1130
-385,-564
1659,-1609
-1805,-537
1257,-1948
1807,-977
640,1371
1511,1127
643,1149
-361,-978
-476,1608
1273,-726
-341,660
758,1072
1231,1034
185,-878
513,-36
1375,1093
-1304,-667
1899,1870
838,-1858
-1642,-1687
1146,26
-253,86
1119,-449
-207,1921
1330,482
73,1867
-1040,413
1975,1754
-610,-1201
-1834,762
354,1584
900,1102
-1233,-1169
-1483,1815
-1410,-949
-797,-1760
-937,1066
-1182,-1212
-497,-231
370,732
-1396,1825
-1202,-1047
-861,1538
1505,-230
1954,-1457
376,-741
298,37
-1614,-166
-140,-1815
20,55
-1099,1534
698,-1369
508,1535
680,1125
-1064,1311
-738,-650
-1322,1338
-1078,-457
-633,-1288
503,-1531
833,1182
-989,-23
-708,464
-1554,830
669,-1657
-370,-1408
1647,-1749
1951,1235
1036,-1075
-360,717
-420,36
-710,769
437,450
-959,-1783
-1344,-1838
253,-881
28,-112
1274,248
1788,-1852
506,-210
459,93
-91,-1752
-1488,-698
1239,1720
-148,-88
1304,1264
96,60
617,82
1516,-1141
-711,-1101
722,-1916
-9,-628
1081,761
258,637
-1746,54
-931,1437
1540,-354
30,1698
1852,676
325,-1527
1472,708
-566,1059
-535,-1444
-1585,-323
768,-1206
-1452,906
194,1347
938,623
-772,140
-161,-726
-1290,-295
-488,-832
236,-320
-1379,1442
55,1209
-1971,-1957
-1813,500
1747,-871
-1127,-9
-1360,245
-75,467
1688,1536
1042,450
1561,460
456,863
1045,-1035
1720,-767
241,330
934,597
1669,-1924
1797,344
52,98
-1775,-1138
-1450,-1531
-618,1154
689,-1777
654,-1574
-1945,1995
-1049,309
-1528,473
-1662,-1660
199,-1455
-1352,-989
-1270,1585
183,659
828,1604
-1206,981
-195,-1807
-937,132
-1799,-963
-478,1839
-1227,-962
-1553,-909
229,94
-1979,-1071
-1573,1256
814,-1711
-37,-1934
890,-846
-1270,-570
195,-852
1828,463
-309,-860
-1556,413
-1919,-116
-354,180
-1085,-1899
992,-265
1789,1777
856,397
-2000,-215
1015,910
-658,-552
371,1292
-1854,-1981
1138,800
1708,-875
1314,-1585
1962,-1766
-1851,-999
18,1656
-1398,-1
764,1862
-649,814
636,330
-1086,1388
-148,1874
1983,-450
9,1486
1716,1907
-460,1160
-1496,-1167
1433,34
-231,922
492,-789
13,-1670
-465,-227
705,-432
240,-1386
-1571,-73
-1137,112
72,784
-1090,-897
-1800,-1043
1697,487
-927,92
-684,-8
-1745,-818
-1044,359
-1489,1379
1461,-214
1639,-140
1755,783
-1946,-35
-1179,-1095
-426,421
-1605,1017
590,1163
-1048,293
420,-1873
-134,-617
-384,-838
-1562,-155
-213,-150
-343,1560
-154,830
426,715
-1225,-677
1083,866
-1378,-1959
30,1668
-249,813
-1533,1015
248,-141
-369,-1705
-1015,-1577
697,-974
979,928
-1233,-1565
-1471,1562
1205,-183
579,-1505
1485,-1309
1474,-990
946,1738
1166,-1353
-1922,1099
1330,162
460,1023
-1879,698
-1640,-1943
-1846,282
2,-1908
415,-988
433,-1210
1140,-1742
-1836,-243
1514,1179
-893,741
1931,638
1349,59
-1353,429
-1493,-736
-419,601
1625,1125
1382,-1642
5,176
-404,-596
-776,-1319
648,1689
497,-829
-1592,-474
-983,346
767,-1212
689,-1563
854,-1854
1463,-1368
1056,-1457
-56,1914
172,1670
975,701
-941,-965
-357,-1441
401,-1984
-1921,1100
-783,-1772
-1901,1454
-255,457
1656,1698
1317,-1264
121,-1224
455,1187
-211,519
1196,-1297
1881,1418
-1983,-452
-879,1211
-1292,-1797
1119,-1365
607,459
284,-1413
-1344,-185
1244,506
-1564,-209
-249,-1349
1313,-494
-1663,401
1379,1717
-1110,1994
-482,1571
737,-378
-1982,-1072
-1020,-653
45,459
-1933,743
890,192
1811,-1032
-457,1736
1486,1435
-1388,-1810
759,-521
-1865,-66
619,-795
1901,235
-1709,199
-1829,-1059
-890,-1342
1266,-682
1260,-679
545,-1792
-67,999
1060,1941
1639,-1031
-293,-438
495,1125
1909,-1672
942,-1205
43,-824
1597,-25
-695,763
172,912
551,-1261
1323,-1167
662,322
-20,1985
1653,557
319,-768
259,92
1981,-1712
-1937,-128
-1247,-115
332,-62
1904,-1941
640,740
-167,-692
1755,-298
760,1850
901,1816
980,-569
-1872,-1337
-984,734
-1395,-122
-833,741
1018,1993
1464,1138
121,1473
1417,-1209
1852,-1441
-1760,1675
1628,-1369
-731,-857
1416,-909
1467,89
-357,-1152
-1179,1176
998,-1351
-507,1894
-435,-833
-384,1483
-1458,-1551
-1027,851
-1157,-162
1388,902
1513,-1948
-1277,-929
1665,-221
-1852,1228
531,-1212
538,1121
1579,-1312
-1662,-1223
-1188,1550
-729,587
-328,-468
101,1317
1153,-184
-1201,-409
-6,-532
-1652,-642
-265,-347
-1284,1755
820,-114
-1799,784
-543,-1762
1273,518
-518,-1078
-177,-34
-1996,184
-1199,-1726
-301,961
1492,-505
1849,-1406
915,-510
-806,64
1263,-1948
-693,437
-240,1779
184,1083
1674,742
244,1748
-1125,-548
75,372
1584,-1030
884,779
135,351
1730,275
-1008,454
538,-1326
-1908,-520
-1602,1900
-104,939
-1016,905
1571,122
-1869,-418
-1862,-926
178,1467
1284,1303
-1532,1552
-535,1
735,861
431,598
1097,1876
1788,1141
-1434,-211
-1857,-1284
-1204,-506
-214,-1241
1074,1749
-904,1414
-1433,-1076
1612,-1543
-1730,1639
410,235
-793,948
-802,-696
-1383,-416
1066,987
524,-646
286,-1591
1699,742
-880,-1468
-634,1409
1547,-787
-722,-1204
915,1289
1945,1207
70,-33
1245,203
158,-1845
1433,-1197
-716,514
-1113,-1080
-738,-254
-1714,-136
-1383,-1707
1268,-1933
-1534,387
-975,-463
1373,1840
-322,547
473,313
1324,-203
299,-538
-1294,-676
-1129,1645
-1570,1410
1645,1859
-1588,715
-689,-513
1748,194
977,1837
-1762,997
-1351,-1652
1969,1451
6,-699
1769,366
-1939,-280
-1626,-104
1151,1060
161,1966
198,1859
1498,915
110,96
620,-133
896,-1114
1634,909
-886,678
739,-13
1690,-428
-1399,1409
1833,415
1680,-512
1044,427
-1815,-1866
-666,-115
750,692
-1614,1922
1872,1052
-1925,1580
-628,-1428
1494,1963
-1156,-1365
583,467
-1943,1775
297,1903
-578,1385
-374,-397
-1735,-1074
722,918
1082,1186
1572,-1740
-1058,1571
-1764,126
-443,1551
-1063,-644
239,-13
-12,-1567
-1755,434
-658,-759
1012,942
-471,-1358
-1260,1910
-339,-621
-1786,1131
490,637
-1923,-592
1917,-1171
244,1839
1355,1675
-1795,834
-1590,451
441,1060
-705,1310
419,1493
-670,1147
1158,-1757
1310,911
399,476
-1547,-1098
-322,-1683
-767,724
1782,1045
-1292,877
-76,-1813
-447,-1411
-740,-376
-493,-106
-1106,-269
-613,1460
1784,1960
-185,414
613,-1149
302,1659
275,-593
1896,1677
-862,422
1178,-1265
1320,963
687,-889
-1182,-596
-414,392
-443,597
569,-952
1267,1651
-789,120
-247,-1729
-991,805
-12,-862
-806,201
899,451
713,271
1272,554
-1830,-478
-1767,1040
-526,-944
963,-1531
467,1184
1374,254
1246,1613
-1909,-487
1939,-226
-1159,686
-780,4
1783,-524
553,-657
-668,1676
892,-1939
-1693,1614
-1948,1504
139,-1649
-1409,-741
-390,-1716
-361,217
1801,-1291
-1976,1594
1754,-1639
-1704,-422
1102,1193
-1372,-144
467,1708
-1220,-1088
-614,1087
1861,1757
1639,1798
1341,1471
450,-1452
-773,700
11,-1613
-1453,967
938,1936
-679,930
-1788,1158
1214,1504
-598,-1787
118,-4
491,-1250
634,943
-1367,1007
-600,-1870
-215,230
-920,-1007
1028,339
-54,776
-357,1550
1547,-1123
-601,-1598
1207,-1255
1454,-1067
1864,-1916
82,853
1804,1692
-541,1568
-1436,1394
1301,-1169
-759,-1183
-468,-1119
1098,780
-1709,1152
304,1074
845,178
1026,-976
-541,1567
1508,-1036
1147,1881
-1222,58
1865,1004
843,-91
1824,1220
-1151,-389
289,-1322
1164,1565
-108,-788
-794,418
1684,368
785,79
1957,1523
221,-1547
-1535,-869
-1466,7
-1297,-601
345,438
-1259,1952
1175,266
324,-417
1011,-480
498,1269
1077,1307
550,-902
-1311,168
1131,-1675
-1135,-1038
-889,1061
-577,-642
-1530,-918
1375,516
751,-333
-311,-1173
-1256,1285
84,128
533,548
1566,563
-372,-575
1832,750
-1596,-704
30,498
604,-1915
693,-529
-424,923
-1652,-1632
1781,-96
693,-254
1022,-1967
813,1935
-233,1133
679,-1190
567,840
1767,-1879
-301,271
841,-1686
1556,1618
-606,-332
-373,243
191,-1669
-5,-694
1194,79
372,-878
267,82
-1408,-684
1002,1620
566,-915
1906,1677
-1396,-1281
-1871,278
1578,-1199
669,1476
-742,-540
1937,-702
1243,627
724,1610
756,-1179
794,1983
389,819
-1212,1194
186,432
-925,-1681
1145,-998
-1158,-1812
-198,1948
737,-882
-1546,-771
1478,-433
-1512,41
814,-1552
-79,-1895
-1703,78
-24,-1823
-1469,1412
-531,-617
-1338,-995
-818,-357
-1859,949
-957,1447
1092,1483
324,-1868
795,-1627
1499,1574
-1303,1984
-1612,-1002
-163,625
977,1978
16,-291
-1927,210
742,1170
-624,690
-844,1472
98,-345
-37,408
-167,1672
-526,735
-657,-1349
-286,1134
-1635,1792
-54,1034
593,1630
67,603
-1826,-632
-482,811
-1330,428
778,-1284
-1134,1400
-1903,-218
1658,-1591
1474,-1715
95,1809
-247,1979
1566,-668
-422,1439
448,447
-114,1601
1908,502
292,160
-1154,-1927
584,779
1960,130
-207,-1384
342,285
-317,-476
-1608,-1580
-747,-24
-807,-330
1486,-748
341,1540
-855,-1846
1575,-136
919,1562
-1825,1458
963,1750
1651,-1760
-752,-1583
525,-887
-1889,313
738,246
237,1517
130,-1603
505,413
-1397,-724
-445,-1571
88,-241
1552,389
-1705,637
-886,1608
-1992,229
613,975
-1310,1745
-1188,-1646
1856,468
-1127,338
-1928,1429
-1197,-1035
-581,824
-1166,-609
-1512,-347
-242,202
-1268,-1448
-171,-446
1812,164
-1556,-992
195,-892
-979,640
1070,384
-1714,-1919
-1275,-1384
482,-968
1756,1968
-679,-1487
840,760
739,-1084
197,887
-1615,816
403,820
1628,-1993
706,-1824
1887,-1003
-574,1027
863,1725
-1987,1537
556,498
1920,265
-193,-545
-588,1946
227,1141
-1269,-1038
-848,1087
1654,437
434,-62
-332,150
456,-362
1412,-1243
-1719,-5
1947,1237
-1183,-422
1873,649
-840,-1382
118,1882
-1228,-132
834,1927
821,1555
1386,922
286,1763
1839,-941
756,1941
848,116
30,-716
-1569,1959
1420,1511
1169,-305
1844,1867
1999,-470
-616,-1172
1418,224
-540,-1119
-1524,-1300
1523,-447
1545,-1181
1393,-283
1107,-411
1722,-1924
-1363,-1761
-767,549
-169,-1157
-722,812
-567,1861
831,-1436
-1605,1594
-401,1021
1888,-977
499,1347
371,-1349
1953,915
1354,803
908,858
1191,-1024
1706,1835
-1490,-722
790,-259
464,1523
1585,-417
-251,1738
1508,505
793,-1908
-960,576
-451,-101
-634,-139
1342,714
1379,1692
691,-1525
-1677,-300
1744,-714
199,-1161
311,1043
897,-1425
846,997
1531,1811
-789,-1261
967,-1411
-692,340
-271,-86
-284,-329
-1087,1357
-176,1996
157,624
423,-47
-1205,-1848
1263,-739
1620,1331
1645,-925
-1788,1233
-140,-732
-882,252
1087,1140
877,1190
153,7
453,494
1305,-1513
519,254
-212,1685
-461,579
-1334,-1943
-1224,-694
-725,-1272
-457,-684
-1102,-974
518,1590
-1465,196
48,1071
707,-160
-423,-506
-1436,1623
1024,384
-1375,-239
-1827,699
535,-1415
1897,843
-1887,-857
733,430
-282,-917
-1581,1005
-1331,723
-919,-495
1771,57
740,-832
-1731,-1652
528,947
-847,218
-1755,-1259
1182,-617
710,-166
-1131,-1780
356,1241
1999,478
-1569,-1976
1349,-1830
-980,1330
-1537,-1349
-719,1528
-284,1527
-83,-1727
368,1196
1046,-1857
772,-1886
-1382,1152
150,1117
-1145,-1619
-983,-318
-90,-989
664,-1277
-1183,1483
1228,169
-1914,-136
750,-835
-701,61
629,1971
-111,-1560
1984,-1773
1038,543
896,-1979
1698,-1034
-787,1497
547,1801
-1991,1936
-748,-388
-1471,1322
-1880,717
1823,461
-1020,-238
-899,-1522
-829,949
-1308,96
-1389,-759
-686,-1866
508,1863
1962,-1290
-159,1226
-763,1245
-225,995
-1689,-1079
1714,1689
-1875,38
-617,-224
-926,1272
-1908,1877
1328,-734
-1612,-1644
-237,81
1911,-937
-599,809
-1659,-661
-90,745
-453,16
1796,-963
1918,-1139
-1480,-1536
1637,1293
544,-116
-621,1626
184,-992
-127,1300
491,396
-1669,398
-1433,-1092
1921,582
-87,127
-1203,-961
-1672,1619
1652,-643
525,1550
261,1596
1552,939
911,940
-1410,-1328
-800,-499
262,-936
-953,-572
-173,1506
-165,87
-1245,1972
1428,-1301
-1577,1773
-1641,-969
1635,1062
-1584,-1212
-91,900
888,1604
-1838,-1922
1301,875
940,1349
1984,943
1520,-268
1922,-8
491,1301
760,-1565
-531,494
86,-1831
-42,-1562
-1368,-921
332,1176
-653,1465
-1745,-1037
-1254,1496
-1309,939
1404,-2
-531,-320
922,1010
601,1128
-650,1316
760,1052
-232,1798
-1465,-1252
298,-188
1098,-864
771,-158
-1769,1084
737,-1423
1167,-1970
335,-1234
1192,1575
1510,-1833
-1467,-588
976,-1717
711,-791
-1337,-291
508,41
-1444,-1773
1334,724
-1740,545
-233,1389
205,126
1864,-1242
-1826,1216
1193,-1782
-1028,-327
-1758,903
-1831,-1939
1304,-1097
-186,-306
1756,-1079
-38,150
1501,689
1483,512
-34,-1624
-1192,-1308
-1246,737
-535,1165
-349,1962
-1234,697
449,635
-731,1324
-1608,-1026
1463,1809
-1365,762
-223,847
-1539,798
1745,1987
1086,-377
-1754,0
-286,-1042
1754,-1473
-979,-1007
1084,-92
-181,-228
-1195,1616
-932,-236
1005,-323
1932,160
1766,-807
-543,1780
677,1
-1970,1755
177,1113
-1372,544
-652,-890
999,1465
510,-247
1119,1809
-695,-904
-731,1809
1272,1594
-1859,-1334
1048,798
-1052,-1727
-1976,1560
-994,343
-1771,-1638
-814,-1388
286,1259
1234,1744
1687,1447
1682,989
-1560,-1805
-679,-1707
-1675,-1669
-811,-901
889,-118
-439,1520
-981,-1020
162,597
-1181,-701
103,-456
-906,-915
1710,1469
-260,-1522
1516,362
-1901,727
-1852,-1457
-1220,-1965
-959,-656
-764,1250
1727,1712
-1923,-652
1635,1212
170,3
650,-975
602,-1203
-1505,-1398
939,1069
-1946,1226
560,-1131
-1354,-1885
-723,1770
-892,1601
-641,668
-1030,-1481
-1448,33
6,-1149
-1656,749
-1681,-1153
1784,655
-1406,1991
-944,843
-854,451
-167,1936
1214,240
220,309
501,-1297
-1432,1013
-1836,-1399
-653,739
-216,-515
1336,12
143,-1816
927,-1976
1393,-144
314,-1764
300,1517
1995,272
461,-716
1603,-568
-1894,-990
-827,129
-1844,-1183
1737,-87
-902,858
1405,-485
-1232,599
-698,918
-1282,-13
-1372,-1190
365,-1759
-781,-162
-1619,-10
-1330,944
-1366,148
-1490,1674
-1283,243
464,1741
-1697,1870
916,349
280,552
-735,1081
-1131,1721
-1658,-1067
-1865,409
1148,-1066
-1720,-1753
-696,553
1385,-426
1916,-1216
1351,1909
-1987,-886
-883,-583
-129,-1490
1778,746
-1204,-1340
-910,-1625
1060,-592
-677,-554
-1187,-516
-98,-692
-1684,-240
645,181
-1892,-303
932,-863
827,1683
552,-564
-1963,-1604
1772,1416
-1961,-137
714,-1784
661,-654
-530,-405
-1432,116
-1402,-605
1231,510
-906,162
1398,-1891
1097,-480
1332,777
-1695,268
1902,1470
-753,1868
-391,-300
-162,146
1245,-1123
746,-451
1141,-1542
-178,-567
1490,-294
-741,1396
255,1873
516,-1458
-512,560
1718,188
-1517,-1689
-1338,809
1209,-1388
1762,1162
942,-1306
1353,-948
-77,1875
1494,1725
1613,-526
1815,1203
-1881,-1579
-387,-867
1970,1703
-916,1476
-852,1502
-270,-1251
94,253
-1067,782
-1696,297
260,954
1719,550
-1201,-1397
415,-499
563,-805
1283,748
-1747,831
-23,-1414
464,-495
747,789
-1614,-1544
-512,-550
960,-1098
-135,-1888
1234,-530
1991,1586
-486,399
-7,-729
469,1154
1411,-672
-412,492
315,29
884,1664
1437,-1316
-295,-1180
815,-1169
-646,-1506
254,-775
-1019,1948
-569,1381
899,-1699
1490,1122
550,-130
1528,-545
1311,1828
1861,1471
1677,-1917
-72,89
-1648,1770
-1624,-145
-933,-724
1,-791
-1017,-1173
-1812,-1362
-508,-1982
1356,350
842,-1809
-443,-1490
-274,571
-1193,1344
-783,1384
-1720,1983
1138,-458
447,-1292
1380,-815
1324,968
-454,1211
646,-1321
350,-1391
268,-723
-1279,-355
45,896
-852,-136
1252,1417
-42,1529
-1510,1856
1742,-449
-1425,-173
1304,1495
-877,834
789,234
-1041,795
1210,1189
-127,1229
-861,1670
-892,139
-96,-1567
1230,-353
-1139,620
1011,231
-1440,1453
1830,1137
-1028,-1410
928,111
-62,-870
857,-1609
-57,-89
1619,-1574
864,1728
-265,1215
-647,1789
183,315
-1402,1601
-622,-529
1585,-1792
-874,1501
1842,-149
1183,1672
1757,-70
126,1256
980,-588
1397,-1625
1309,990
1278,-741
-849,382
-821,-1696
1542,-1206
1321,-1007
1366,466
1086,291
476,-1561
1361,-833
-529,422
-1464,345
1269,1349
-692,-527
-141,-1319
-1974,134
1213,1666
947,978
107,-461
1314,-538
-980,-1406
-1379,738
-1164,-632
981,-1071
-143,-1739
-1912,-609
-517,-877
1190,-1544
1706,-267
-1424,1887
1506,-1091
1084,935
9,-793
1365,-1710
-1735,-1835
-1280,1219
-1264,151
-1607,1634
-1884,-1226
-1445,1675
-363,446
-1441,1075
-581,742
-772,-487
1118,-1635
-51,-795
-763,563
-1968,832
678,33
-1110,367
1499,950
1352,1453
598,1919
352,451
-757,-1519
1974,-1977
-1172,-842
-6,1615
-1198,-1614
1423,-304
1047,-1391
-217,1975
-32,496
1993,1699
1303,-1020
1717,94
-680,-470
-674,150
33,-1492
-1994,-1188
1100,-307
-249,-649
1273,1137
-195,102
-1308,-884
1058,-975
-1834,1318
353,266
-1576,-985
-212,38
98,1221
1081,-1390
-1583,-761
-537,-77
-169,1652
-1697,-578
-1460,1789
1653,1361
834,-604
-307,1068
-714,-440
1242,-1617
610,-1970
-1215,114
976,-1075
797,-1925
553,-42
-1572,-929
1548,734
7,-840
-1958,682
1886,255
-307,86
-318,1703
1481,-1566
-532,726
939,-327
250,1952
1726,-801
554,449
940,-714
127,-201
-879,-275
385,410
1676,-1178
-895,-615
111,130
601,210
-1995,524
-1934,-882
-1261,1247
-1249,823
1479,1652
1543,-1802
-1267,-148
576,1741
1393,662
1687,-1650
1502,509
1004,-618
149,-559
1113,-1206
1049,-911
1139,1068
-601,754
-310,-230
1092,911
-1493,35
462,1581
-540,871
-588,744
-1369,-886
257,-320
-1976,-940
404,1722
865,-1048
-565,788
-395,1055
-1442,265
-176,1760
872,-899
1037,1791
-801,-26
338,1103
-859,823
758,1957
-1481,-1270
-1981,939
98,1672
-170,-1219
-330,-1480
-444,-1853
595,-925
1718,-1012
-864,-960
-940,1507
-1542,1217
-1824,-495
-1847,1112
1625,-850
-1809,-1145
-287,-763
-839,483
1496,-92
-168,36
-601,-195
233,-852
1848,-1860
-1392,1713
642,-956
1828,-1655
451,-952
1443,1073
1383,1379
1062,1370
1477,-139
-144,-48
1064,1563
736,744
-1206,1354
1957,1670
1148,-281
-271,-1720
899,-1626
-506,83
957,541
1326,1528
642,-93
423,1890
325,363
-1382,-1634
-1832,-681
1388,-793
1231,-325
1582,750
829,1680
655,-509
-1540,-1903
178,-1438
-984,1749
-1414,-1924
-1654,-535
-703,-479
1587,-1655
-280,-953
-2,1019
-599,1850
1400,-663
-1336,1344
-37,1337
-856,-952
790,874
-6,-1682
-1240,1229
-1745,-83
1227,1502
-1169,-478
878,-1443
-1533,344
1563,-1363
-1524,342
-1001,329
-1354,-543
39,-834
1447,975
-336,-823
-206,-1847
-201,1133
-1944,-1220
-857,401
1294,221
1936,-44
-1175,-394
653,-850
-1770,-622
-2,804
694,-832
-396,-121
-26,519
-373,106
-691,7
209,1790
-1969,-281
1573,1325
1887,1409
475,1743
-1903,-1306
-1732,1099
1005,495
1609,1038
1375,-959
-480,-95
-53,1404
1240,-150
1117,672
-1817,610
479,1789
-1021,974
421,118
1060,-900
-1054,1936
1576,-612
-163,-1699
-559,-392
157,-833
521,1522
673,1467
-987,-807
1389,860
1416,-922
255,-319
-450,1465
-1120,-412
1321,-628
1366,1480
-392,720
-619,542
-589,-1556
-107,-76
948,175
-1569,155
-1617,1550
130,-1773
-1070,-226
1506,1141
39,-720
816,1948
1974,292
-1068,-1967
1863,1803
1382,-718
710,189
573,1599
287,787
-353,-1503
521,1283
87,1334
-769,-1098
1028,-1763
-727,1191
1390,-1222
-455,1466
1011,839
-366,950
-416,-168
-669,-1120
-1605,73
1200,438
-1859,422
17,805
509,-1801
1620,456
-1721,-1627
-1474,1885
-1012,237
303,-1499
339,1249
-1340,-424
-1587,149
1877,-1629
710,-307
-1794,-1697
1880,1408
-1189,-1937
57,1704
493,1366
-556,425
-1767,-270
277,-356
-688,1497
-1346,1336
-87,-882
-297,1435
-982,544
-254,-1318
-1883,-1344
1324,1283
-1633,-1667
736,-1493
236,-707
-555,121
-1482,442
1192,1070
253,822
484,623
1368,-387
-739,-1872
1721,1430
-1667,1087
-113,-1723
-874,330
-1691,-224
150,-722
-792,812
-1992,-1346
357,-1677
-330,-436
1649,1604
1980,-1897
-414,1352
-1511,1809
-934,1532
1263,-117
-1211,-1648
-535,-321
1880,-1222
1516,1498
153,120
1542,324
-1667,1793
739,1613
12,-1466
-481,1142
-543,-1174
-170,1753
-1875,1466
-1802,-1994
700,1963
406,60
-1137,-144
1312,-1392
168,1781
1929,1788
-827,-933
834,1207
1091,879
1159,-691
-157,-631
-267,971
-310,798
-840,-535
1987,227
-927,436
-321,415
759,-1513
-1571,-1237
-1019,1029
100,1512
-1455,742
-20,221
-1331,-1700
1021,-180
-1242,-944
1040,-1904
1050,1214
561,-682
-121,-1606
902,-908
1854,-1571
1449,-1846
726,112
1233,-364
-836,1619
-145,-1559
-1016,-1685
-1804,1619
-1716,-1210
-1200,1707
869,652
1941,-1712
532,-28
-1126,-1628
422,-384
1884,1411
-209,-1338
510,-607
-10,1339
1841,831
138,1742
910,-1366
-430,1279
-224,592
-1855,490
1856,831
1448,-524
1400,-580
-1658,-175
1928,1405
443,-113
-1849,-1692
-678,802
1729,-1256
-772,-1395
-449,1281
1842,1130
-1403,-1088
-270,-394
1236,-1687
1298,604
16,-738
339,-900
-101,-343
-11,280
-864,-363
-1720,635
-372,-1910
1186,454
-1513,195
-1363,1816
-415,-499
440,26
-1289,-385
-1779,420
1172,-1711
-61,591
-1820,-742
-662,1912
484,586
1603,-1106
1893,1152
434,1912
-112,-55
1452,1574
-669,-810
-1142,626
-902,-200
608,1138
-1784,-1413
135,-1954
900,188
822,952
-511,1352
-784,189
-554,-749
-1898,-1370
-1892,1394
-771,-1701
534,1749
-1478,-1931
-1590,1157
-1382,46
109,-1643
-753,-184
1054,-184
-156,1046
872,1023
849,331
1643,-1507
-1878,829
-940,-455
-206,1781
-1847,1375
-1875,1047
-1375,-1724
1810,1576
-400,675
-417,-1120
1152,505
328,-1842
1338,-1639
-89,1346
-28,-691
55,1595
-1115,331
828,1006
1252,-977
-263,1071
-1937,-1190
517,-641
1431,1511
1336,-525
632,1446
159,1276
-1354,823
1519,-424
-1630,644
1462,117
-1411,-229
908,-931
788,-1721
1353,67
1545,842
-79,-568
1810,505
1130,265
-614,1268
-1010,1673
-250,-512
-1252,-201
1586,-1565
1128,1532
1626,-516
-653,99
-843,1244
661,-1499
-1765,-1883
1495,1296
1831,-419
1597,-1261
-1769,1198
1120,1385
1680,-930
-806,-1313
479,1607
890,323
666,-302
-360,-1396
1317,980
771,-1792
593,-635
-363,-1818
1375,664
-88,-1719
-1406,316
-1343,261
-1439,591
843,-879
284,-838
-65,-919
1862,-1267
1983,-1194
593,343
866,668
936,1313
585,-703
-267,104
-816,1749
-1341,246
641,-1342
-995,-1956
-1758,-975
-907,1070
-1906,1270
1666,-1445
129,666
-1888,-985
813,-1181
1659,-57
-662,1538
198,216
875,1368
1477,-964
-565,1894
204,1330
165,-1168
-98,945
35,1772
-969,800
-1521,-467
5,-395
-1691,-1401
1137,1769
1033,606
-196,181
-1035,-1648
-860,235
747,-1349
774,1554
-215,-1652
-1059,1663
282,-763
392,-947
72,-1174
-182,-966
-976,1609
683,1053
1518,-1117
124,1191
-1961,-1925
1816,-1963
-1722,602
1669,-1201
750,-1635
474,833
14,-868
443,1715
-1086,-361
511,774
1366,-321
371,430
-907,1086
919,-537
-352,292
6,-491
-101,1679
787,1020
705,-906
398,1240
1623,-1006
-730,-1030
-1058,73
777,1888
-798,-903
-953,1744
336,1534
21,785
-860,-384
-851,1829
-1664,-68
-782,135
632,-1140
817,1181
-438,1942
-1309,154
268,14
-1201,-1773
-1090,-55
-1908,1467
-162,1247
-1756,1886
1466,-420
-875,-1066
-545,291
-1263,1069
1073,-641
1157,-1264
-1164,-1368
1398,717
-762,-1138
103,777
-81,773
-1769,1919
-1039,814
-120,-904
378,-675
-1990,580
1880,-1780
-618,1363
1708,1083
1127,435
919,322
930,-1242
-1583,1846
806,-1057
-904,1683
-482,1400
-923,1068
740,1875
91,1068
1728,396
505,-88
781,1559
-433,259
-292,-773
-115,765
-1261,1162
-906,-1063
1933,1468
915,1578
-1659,1191
-892,1017
-1267,-1603
-1710,278
632,962
1792,-1288
-360,1001
-1376,-1710
-1055,-438
1634,341
1581,-1215
966,1724
249,102
339,-1320
-1108,1157
992,-1608
-649,-422
1967,1396
-744,-309
-550,-746
825,-415
-1115,870
1141,1443
-1709,1137
571,1297
437,-1995
-661,-933
-1699,1964
-387,-932
-496,-1262
-575,-906
-1798,1364
-544,-917
1628,-841
1570,1781
1888,1954
-1015,-509
1069,-438
1467,1808
790,216
-1603,-1823
940,-1256
90,-1285
-1772,1
1123,-1729
1396,-100
-976,-892
1126,-1069
-220,-1553
-1073,-1673
1839,-1136
-663,-1363
846,604
-420,151
-979,-125
-1972,1531
1484,1230
-660,562
-257,535
-816,-113
559,996
1120,-919
94,-671
-1400,-281
104,505
-20,296
-1276,1265
1337,-596
-534,1057
-1193,-638
975,335
-1605,-626
-692,-918
-1896,1366
-419,1217
1813,650
-219,-1026
762,-1778
-434,162
-1756,-1370
1134,1565
952,445
-1179,1258
-1548,1297
1091,1413
769,-1794
-1753,1962
1637,869
1441,11
277,-967
-1031,1710
-793,1639
-1399,865
-1915,415
-1659,-1829
-259,-989
-837,112
-1578,811
-267,1392
-546,1042
-1636,-260
-1442,1184
-906,678
-1169,725
1104,933
1605,-753
246,-1582
-439,1336
1855,1314
1797,-80
-89,-1216
1881,1138
1268,901
-1046,-1851
1657,-1225
442,-543
-456,1947
-877,-548
1506,697
892,-111
-293,1643
-1938,715
-1191,1857
256,-1101
811,-1580
-1857,-940
-1097,-28
-1286,-1433
411,-1615
-1735,-1600
-1644,-1197
-659,-1900
-675,1654
290,613
-273,1557
530,1580
1031,593
1171,-1246
678,975
-112,-1653
-1038,1196
-426,544
-359,-1251
-891,-169
1333,1287
-1594,-624
1131,1335
-261,-770
1646,-544
561,-335
1825,-1585
1107,60
281,844
-551,8
192,-369
1949,-1580
1558,-1283
-530,-1689
1106,-1122
-931,-1740
-1657,283
1493,1033
1697,-1575
1288,116
-1073,781
-988,-271
794,-837
-956,180
-1229,-1617
-1886,-1520
364,1207
1291,1667
-1412,1275
1515,382
-1402,570
520,-268
1299,354
-1366,542
411,-340
-681,-1560
-1629,1841
1149,-516
1889,-1779
553,-87
-37,-1489
1620,1295
1133,1497
-1059,970
-855,635
-1934,-1991
-776,-474
-568,-54
1855,944
-1078,-1757
1885,835
1741,-81
208,-1343
-1118,132
1720,1625
1093,-1523
-749,-833
-717,-711
1447,-149
408,1311
63,400
-698,587
-852,-1577
-286,1642
13,567
568,1582
1706,595
-626,1022
57,-1839
-1450,-930
-1245,787
-739,-1962
-1023,-493
1601,1217
544,-1
-960,-108
-1117,-273
-1589,-887
-1688,1503
-615,-1720
-1533,1805
1400,1329
1958,-1135
-1378,136
-990,-1260
1662,989
-1817,-562
-1642,535
-921,-224
1220,-964
-7,1962
409,-1185
-1734,-149
1222,1159
-1331,339
-1485,-1288
899,1926
207,-447
790,783
1601,-1567
1359,30
1340,-1514
-889,64
146,419
267,185
-129,670
-1288,1057
1158,1043
-1978,-1448
-614,152
1442,-1081
146,687
-1933,597
383,465
1725,1250
1530,1053
-1372,-1852
534,-355
1544,699
405,1841
591,-429
183,-262
-1727,438
1581,-251
365,-1749
-693,-1455
1992,-1393
635,1215
85,1934
-1106,-394
-1920,-1250
1582,-1072
1605,-647
1936,-1467
46,-1259
1861,1490
185,225
-1105,69
-360,1470
-48,1767
-879,-1481
157,1862
1958,1151
978,1534
-1745,230
-1984,-1628
1827,1303
-1119,-1297
-618,-1327
1900,1731
-580,-1344
-988,123
-1300,-905
1643,-1774
1503,205
-109,-977
1112,337
565,42
414,842
955,-1
740,1072
1559,-1234
-1495,-1599
1015,-19
-421,-1151
1840,-1397
-809,945
343,-831
1259,1514
1263,119
989,630
-164,303
676,524
-1834,978
1940,-1626
-1255,-906
727,-800
473,-1687
471,496
1939,93
-552,-1060
-385,-1936
1282,-772
-734,950
1820,1997
1663,1733
660,-785
-1651,-419
347,636
-1116,1330
1965,-730
177,-1385
910,939
-1431,-1975
528,343
-1381,-1099
-655,-393
1341,391
1665,821
-1688,336
226,1813
-896,1139
-1048,-853
-437,-1300
-1792,-330
836,1533
1580,-1059
-1849,1783
-20,773
-20,-1119
-1735,844
-1519,520
842,293
1551,-124
-550,1328
1007,1666
897,-1323
-363,19
446,349
442,240
1878,-1939
792,456
950,-1792
-1473,360
-907,256
1093,-410
1717,-1855
-1927,1323
-1496,-1510
1528,-1830
-1010,-1407
-423,1568
-899,1569
643,474
-326,-1157
-994,-66
1411,1846
-857,-121
